Unnamed: 0,Unnamed: 1,Unnamed: 2,                Nepal Stock Exchang Limited,Unnamed: 4,Unnamed: 5,Unnamed: 6,Unnamed: 7,Unnamed: 8,Unnamed: 9,Unnamed: 10,Unnamed: 11,Unnamed: 12
,,,,,,Sectorwise Market Capitalization,,,,,,(Rs.in mill.)
,,,,,,17July 2003 to 16th July 2004 (Fiscal Year 2060/061),,,,,,
,,,Date/Month,Commercial,Development,  Manufacturing &,           Hotel,   Trading, Insurance,Finance,Others,     Total
,,,"Srawan, 60",Bank,Banking,Processing,,,,,,
,,,2003-07-17 00:00:00,21376.03,1002.37,4731.3,2550.61,488.02,2388.54,2558.56,67.26,35162.7
,,,2003-07-18 00:00:00,21360.54,1002.37,4731.3,2550.61,488.02,2391.54,2554.01,67.26,35145.65
,,,2003-07-21 00:00:00,21274.3,998.05,4731.3,2550.61,486.66,2394.64,2536.29,67.26,35309.11
,,,2003-07-22 00:00:00,21266.15,998.05,4731.3,2550.61,486.66,2392.14,2524.84,67.26,35017.01
,,,2003-07-23 00:00:00,21258.6,998.05,4731.3,2550.61,486.66,2394.64,2525.04,68.15,35013.05
,,,2003-07-24 00:00:00,21236.15,990.05,4731.3,2540.61,486.66,2396.82,2520.04,68.15,34969.77
,,,2003-07-25 00:00:00,21207.84,998.05,4731.3,2540.61,493.48,2394.62,2518.39,68.15,34952.44
,,,2003-07-28 00:00:00,21244.02,1006.05,4723.5,2540.61,512.87,2373.95,2514.19,68.15,34983.33
,,,2003-07-29 00:00:00,21167.59,999.97,4723.5,2540.61,512.87,2373.33,2530.99,68.15,34917
,,,2003-07-30 00:00:00,21147.86,999.97,4723.5,2540.61,512.87,2356.83,2530.99,68.15,34880.78
,,,2003-07-31 00:00:00,21183.01,999.65,4723.5,2540.61,503.04,2365.53,2528.7,68.15,34912.19
,,,2003-08-01 00:00:00,21113.94,1001.09,4723.5,2540.61,507.13,2384.72,2527.4,68.15,34866.54
,,,2003-08-04 00:00:00,21130.1,1002.85,4723.5,2530.61,507.13,2380.29,2525.69,68.15,34868.33
,,,2003-08-05 00:00:00,21116.67,1002.85,4723.5,2525.61,507.13,2416.91,2529.51,69.04,34891.22
,,,2003-08-06 00:00:00,21806.48,1002.85,4723.5,2525.61,507.13,2416.13,2546.87,489.04,36017.62
,,,2003-08-07 00:00:00,21970.41,999.65,4723.5,2525.61,507.13,2406.93,2541.45,489.04,36163.73
,,,2003-08-08 00:00:00,21238.86,999.65,4723.5,2525.61,507.13,2396.93,2538.29,489.04,36319.02
,,,2003-08-11 00:00:00,22353.62,1004.45,4723.5,2525.61,494.85,2399.43,2539.26,489.94,36530.66
,,,2003-08-13 00:00:00,22458.56,1009.25,4723.5,2525.61,489.94,2393.33,2538.53,489.94,36633.57
,,,2003-08-14 00:00:00,22539.77,1010.69,4702.85,2525.61,489.94,2395.83,2536.97,489.94,36696.51
,,,2003-08-15 00:00:00,22728.3,1006.05,4754.41,2525.61,489.94,2397.83,2539.96,489.94,36936.95
,,,,,,,,,,,,
,,,Date/Month,Commercial,Development,  Manufacturing &,           Hotel,   Trading, Insurance,Finance,Others,     Total
,,,Bhadra 060,Bank,Banking,Processing,,,,,,
,,,2003-08-18 00:00:00,22833.26,1012.29,4754.41,2520.61,494.85,2394.73,2541.16,491.73,37043.02
,,,2003-08-20 00:00:00,22961.18,1012.29,4754.41,2520.61,494.85,2394.73,2543.96,491.73,37173.76
,,,2003-08-21 00:00:00,23057.47,1010.85,4806.89,2520.61,494.85,2392.23,2550.7,491.73,37325.32
,,,2003-08-22 00:00:00,23046.12,1010.85,4867.81,2520.61,494.85,2395.23,2578.15,491.73,37405.34
,,,2003-08-25 00:00:00,23201.34,1009.25,4927.66,2505.71,494.85,2395.23,2577.35,491.73,37603.11
,,,2003-08-26 00:00:00,23134.75,1015.49,4927.66,2510.71,494.85,2398.33,2572.54,491.73,37546.05
,,,2003-08-27 00:00:00,22922.87,1015.49,4927.66,2474.62,494.85,2398.33,2569.92,491.73,37295.46
,,,2003-08-28 00:00:00,22331.86,1006.05,4955.28,2469.62,494.85,2393.13,2569.52,491.73,36712.02
,,,2003-08-29 00:00:00,22131.91,998.05,4955.28,2469.62,494.85,2388.13,2568.52,491.73,36498.3
,,,2003-09-01 00:00:00,21815.84,993.25,4955.28,2459.62,494.85,2361.14,2546.37,491.73,36118.08
,,,2003-09-02 00:00:00,21702.8,987.17,4955.28,2459.62,494.85,2357.54,2532.07,491.73,35981.06
,,,2003-09-03 00:00:00,21569.77,984.29,4955.28,2459.62,494.85,2360.84,2528.47,491.73,35844.84
,,,2003-09-04 00:00:00,21701.19,984.29,4955.28,2459.62,494.85,2360.54,2539.72,491.73,35987.21
,,,2003-09-05 00:00:00,22020.21,1002.85,4955.28,2459.62,494.85,2373.84,2543.62,491.73,36341.99
,,,2003-09-08 00:00:00,22058.93,1002.85,4905.11,2459.62,494.85,2373.84,2539.72,491.73,36326.65
,,,2003-09-10 00:00:00,22181.12,1002.85,4905.11,2459.62,494.85,2373.84,2536.92,489.94,36444.25
,,,2003-09-11 00:00:00,22376.76,997.09,4905.11,2459.62,494.85,2367.94,2547.23,489.94,36638.53
,,,2003-09-12 00:00:00,22637.2,1003.49,4905.11,2449.72,486.66,2369.94,2550.98,489.94,36893.03
,,,2003-09-15 00:00:00,22700.17,1003.49,4905.11,2449.72,486.66,2377.44,2561.38,489.94,36973.9
,,,2003-09-16 00:00:00,22751.17,1002.99,4905.11,2449.72,486.66,2382.94,2562.83,489.94,37031.35
,,,2003-09-17 00:00:00,22778.75,1002.99,4905.11,2449.72,486.66,2376.94,2566.95,489.94,37057.06
,,,,,,,,,,,,
,,,Date/Month,Commercial,  Manufacturing &,           Hotel,Others,   Trading, Insurance,Finance,Development,     Total
,,,Aswin 060,Bank,Processing,,,,,,Banking,
,,,2003-09-18 00:00:00,22708.17,4905.11,2449.72,489.94,486.66,2376.94,2563.35,1007.79,36987.68
,,,2003-09-19 00:00:00,22605.16,4905.11,2449.72,489.94,486.66,2376.94,2578.6,1007.79,36899.92
,,,2003-09-22 00:00:00,22578.79,4905.11,2449.72,489.94,486.66,2381.94,2573.2,1007.79,36873.15
,,,2003-09-23 00:00:00,22581.68,4905.11,2449.72,489.94,486.66,2379.44,2569.8,1006.35,36868.69
,,,2003-09-24 00:00:00,22527.78,4845.27,2436.02,489.49,486.66,2364.54,2573.6,998.35,36721.7
,,,2003-09-25 00:00:00,22538.26,4845.27,2436.02,489.49,486.66,2359.04,2573.6,995.47,36723.81
,,,2003-09-26 00:00:00,22626.21,4845.27,2436.02,489.49,486.66,2356.54,2576.05,995.47,36811.71
,,,2003-09-29 00:00:00,22578.63,4845.27,2436.02,487.7,486.66,2364.34,2574.9,995.47,36768.99
,,,2003-09-30 00:00:00,22577.32,4845.27,2436.02,487.7,486.66,2360.34,2573.34,995.47,36767.11
,,,2003-10-01 00:00:00,22604.43,4845.27,2441.02,487.7,486.66,2360.34,2566.44,998.35,36790.2
,,,2003-10-08 00:00:00,22535.2,4845.27,2441.02,487.7,486.66,2361.54,2566.64,998.35,36722.37
,,,2003-10-09 00:00:00,22633.74,4845.27,2441.02,487.7,486.66,2361.54,2554.84,999.95,36802.03
,,,2003-10-10 00:00:00,22634.46,4845.27,2432.32,487.7,486.66,2355.54,2547.04,999.95,36783.94
,,,2003-10-13 00:00:00,22635.22,4845.27,2427.32,487.7,486.66,2363.04,2541.02,998.35,36784.57
,,,2003-10-14 00:00:00,22653.52,4845.27,2427.32,487.7,486.66,2363.04,2539.42,998.35,36801.28
,,,2003-10-15 00:00:00,22662.12,4845.27,2427.32,486.81,486.66,2363.04,2538.42,998.35,36807.98
,,,2003-10-16 00:00:00,22695.13,4904.19,2427.32,486.81,505.77,2351.19,2535.02,998.35,36903.77
,,,2003-10-17 00:00:00,22694.26,4904.19,2427.32,486.81,505.77,2356.19,2523.42,995.47,36893.43
,,,,,,,,,,,,
,,,Date/Month,Commercial,  Manufacturing &,           Hotel,Others,   Trading, Insurance,Finance,Development,     Total
,,,"Kartik, 060",Bank,Processing,,,,,,Banking,
,,,2003-10-20 00:00:00,22711.66,4904.19,2427.32,486.81,505.77,2353.69,2595.42,995.47,36986.33
,,,2003-10-21 00:00:00,22755.11,4904.19,2427.32,485.01,505.77,2346.19,2596.82,995.47,37015.89
,,,2003-10-22 00:00:00,22634.1,4904.19,2427.32,485.01,513.96,2348.69,2596.22,991.15,36900.65
,,,2003-10-23 00:00:00,22664.5,4904.19,2427.32,485.01,513.96,2348.69,2593.22,989.71,36926.6
,,,2003-10-24 00:00:00,22696.95,4904.19,2432.32,485.01,513.96,2348.69,2593.22,989.71,36964.05
,,,2003-10-28 00:00:00,22687.79,4904.19,2432.32,485.01,513.96,2348.69,2593.62,989.71,36955.29
,,,2003-10-29 00:00:00,22704.77,4904.19,2427.32,485.01,513.96,2348.69,2587.82,987.87,36959.63
,,,2003-10-30 00:00:00,22705.48,4904.19,2427.32,485.01,513.96,2348.69,2587.22,981.47,36953.34
,,,2003-10-31 00:00:00,22744.08,4904.19,2427.32,485.01,513.96,2348.69,2587.22,976.99,36987.47
,,,2003-11-03 00:00:00,22771.35,4904.19,2432.32,485.01,513.96,2348.69,2578.87,980.19,37014.59
,,,2003-11-04 00:00:00,22781.22,4904.19,2432.32,485.01,513.96,2394.67,2573.47,981.79,37066.64
,,,2003-11-05 00:00:00,22694.62,4904.19,2432.32,485.01,513.96,2394.07,2562.09,986.59,36973.46
,,,2003-11-06 00:00:00,22635.41,4904.19,2432.32,485.01,534.43,2393.47,2561.77,980.67,36927.28
,,,2003-11-07 00:00:00,22628.33,4904.19,2432.32,485.01,534.43,2389.17,2562.37,984.99,36920.82
,,,2003-11-10 00:00:00,22602.49,4904.19,2406.23,485.01,534.43,2389.17,2564.42,992.99,36878.94
,,,2003-11-11 00:00:00,22616.03,4904.19,2406.23,485.01,534.43,2391.67,2567.47,992.99,36898.02
,,,2003-11-12 00:00:00,22623.52,4904.19,2406.23,485.01,534.43,2389.47,2567.62,1002.59,36913.07
,,,2003-11-13 00:00:00,22547.86,4893.99,2391.33,485.01,534.43,2391.97,2570.87,997.79,36813.26
,,,2003-11-14 00:00:00,22455.99,4893.99,2391.33,485.01,534.43,2394.17,2577.5,999.07,36731.51
,,,,,,,,,,,,
,,,Date/Month,Commercial,  Manufacturing &,           Hotel,Others,   Trading, Insurance,Finance,Development,     Total
,,,"Marg, 060",Bank,Processing,,,,,,Banking,
,,,2003-11-17 00:00:00,22482.64,4893.99,2386.33,485.01,534.43,2391.67,2578.5,999.07,36751.65
,,,2003-11-18 00:00:00,22531.2,4894.92,2360.24,485.01,534.43,2389.47,2599.9,997.63,36772.8
,,,2003-11-19 00:00:00,22590.36,4894.92,2360.24,485.01,534.43,2389.47,2573.03,996.03,36822.49
,,,2003-11-20 00:00:00,22513.31,4913.33,2360.24,485.01,534.43,2389.47,2572.78,996.03,36764.6
,,,2003-11-21 00:00:00,22439.49,4913.33,2360.24,485.01,534.43,2387.76,2577.38,996.03,36693.68
,,,2003-11-24 00:00:00,22403.83,4913.33,2352.79,485.01,534.43,2390.26,2586.58,996.43,36662.66
,,,2003-11-25 00:00:00,22607.63,4913.33,2357.79,485.01,534.43,2390.26,2588.88,996.43,36873.77
,,,2003-11-26 00:00:00,22653.95,4913.33,2359.79,485.01,534.43,2372.91,2581.32,996.43,36895.18
,,,2003-11-27 00:00:00,22594.61,4913.33,2362.79,485.01,534.43,2370.41,2580.77,987.23,36828.59
,,,2003-11-28 00:00:00,22546.4,4759.73,2362.79,485.01,534.43,2377.4,2579.97,987.23,36632.96
,,,2003-12-01 00:00:00,22436.74,4759.73,2362.79,485.01,534.43,2377.4,2576.74,987.23,36520.08
,,,2003-12-02 00:00:00,22435.39,4759.73,2362.79,485.01,534.43,2370.87,2579.17,981.07,36508.46
,,,2003-12-03 00:00:00,22502.53,4759.73,2371.49,485.01,534.43,2363.07,2579.77,982.51,36578.54
,,,2003-12-04 00:00:00,22469.88,4759.73,2371.49,485.01,534.43,2365.57,2579.07,982.51,36547.69
,,,2003-12-05 00:00:00,22368.76,4676.86,2371.49,485.01,534.43,2358.07,2576.52,982.51,36353.65
,,,2003-12-08 00:00:00,22623.08,4676.86,2376.49,485.01,534.43,2360.57,2551.12,982.51,36590.07
,,,2003-12-09 00:00:00,22654.32,4676.86,2371.49,485.01,534.43,2358.07,2547.99,982.83,36611.01
,,,2003-12-10 00:00:00,22653.14,4676.86,2371.49,485.01,534.43,2354.52,2542.34,984.43,36602.23
,,,2003-12-11 00:00:00,22647.08,4676.86,2397.58,485.01,534.43,2345.62,2545.99,982.99,36615.57
,,,2003-12-12 00:00:00,22367.09,4828.65,2397.58,485.01,486.66,2343.12,2546.54,986.19,36440.84
,,,2003-12-15 00:00:00,22282.34,4828.65,2397.58,485.01,486.66,2343.12,2537.89,984.75,36346
,,,,,,,,,,,,
,,,Date/Month,Commercial,  Manufacturing &,           Hotel,Others,   Trading, Insurance,Finance,Development,     Total
,,,"Poush, 060",Bank,Processing,,,,,,Banking,
,,,2003-12-16 00:00:00,22245.74,4824.05,2423.67,485.01,486.66,2338.12,2546.64,984.25,36334.14
,,,2003-12-17 00:00:00,22173.12,4824.05,2423.67,485.01,486.66,2338.12,2544.34,985.69,36265.66
,,,2003-12-18 00:00:00,22171.59,4824.05,2449.76,485.01,486.66,2343.12,2527.14,988.57,36275.9
,,,2003-12-19 00:00:00,22164.87,4824.05,2449.76,485.01,486.66,2345.62,2527.94,988.57,36272.48
,,,2003-12-22 00:00:00,22156.83,4824.05,2449.76,485.01,486.66,2345.62,2528.29,991.77,36267.99
,,,2003-12-23 00:00:00,22114.29,4824.05,2449.76,485.01,486.66,2345.62,2528.26,994.65,36228.31
,,,2003-12-24 00:00:00,22094.94,4824.05,2449.76,483.22,486.66,2353.12,2529.46,994.65,36215.87
,,,2003-12-25 00:00:00,22149.22,4824.05,2449.76,483.22,486.66,2360.62,2528.86,994.65,36269.6
,,,2003-12-26 00:00:00,22182.03,4824.05,2442.31,483.22,486.66,2358.12,2524.31,992.89,36293.59
,,,2003-12-27 00:00:00,22282.52,4824.05,2442.31,483.22,486.66,2368.17,2513.68,996.09,36396.69
,,,2003-12-30 00:00:00,22122.5,4824.05,2442.31,483.22,487.2,2356.5,2511.03,997.69,36217.06
,,,2003-12-31 00:00:00,22199.33,4824.05,2434.86,483.22,487.2,2354.51,2501.28,994.65,36279.1
,,,2004-01-01 00:00:00,22255.14,4824.05,2434.86,483.22,487.2,2354.51,2501.38,994.65,36335.01
,,,2004-01-02 00:00:00,22290.82,4824.05,2434.86,483.22,487.2,2272.51,2490.58,993.53,36269.32
,,,2004-01-05 00:00:00,22285.95,4828.65,2427.41,483.22,487.2,2272.01,2489.23,993.53,36267.21
,,,2004-01-06 00:00:00,22340.05,4828.65,2427.41,483.22,487.2,2274.51,2486.81,995.13,36322.99
,,,2004-01-07 00:00:00,22291.7,4812.13,2427.41,483.22,487.2,2279.51,2492.18,995.13,36268.49
,,,2004-01-08 00:00:00,22262.34,4832.78,2427.41,483.22,487.2,2284.51,2488.38,992.25,36258.11
,,,2004-01-09 00:00:00,22180.47,4828.95,2427.41,483.22,487.2,2284.51,2490.73,990.81,36147.22
,,,2004-01-12 00:00:00,22271.64,4828.95,2401.32,483.22,487.2,2283.91,2482.73,998.81,36237.79
,,,2004-01-13 00:00:00,22422.38,4828.95,2401.32,483.22,487.2,2283.91,2484.48,998.81,36390.28
,,,2004-01-14 00:00:00,22399.08,4828.95,2401.32,483.22,487.2,2283.01,2480.54,998.81,36347.13
,,,,,,,,,,,,
,,,Date/Month,Commercial,  Manufacturing &,           Hotel,Others,   Trading, Insurance,Finance,Development,     Total
,,,"Magh, 060",Bank,Processing,,,,,,Banking,
,,,2004-01-15 00:00:00,22523.98,4828.95,2386.32,485.01,487.2,2280.51,2481.69,998.81,36472.47
,,,2004-01-16 00:00:00,22833.32,4828.95,2386.32,485.01,487.2,2285.51,2544.98,998.81,36850.1
,,,2004-01-19 00:00:00,23113.9,4828.95,2386.32,485.01,487.2,2290.51,2550.56,998.81,37141.27
,,,2004-01-20 00:00:00,23404.78,4828.95,2386.32,485.01,487.2,2303.01,2568.92,998.41,37462.6
,,,2004-01-21 00:00:00,23416.45,4828.95,2386.32,485.01,487.2,2304.01,2573.92,996.97,37478.84
,,,2004-01-22 00:00:00,24777.12,4828.95,2386.32,485.01,487.2,2316.51,2609.32,996.97,38887.4
,,,2004-01-23 00:00:00,25153.31,4828.95,2386.32,485.01,487.2,2324.01,2614.07,996.97,39275.84
,,,2004-01-26 00:00:00,25255.56,4865.77,2386.32,485.01,487.2,2321.87,2614.47,994.09,39410.3
,,,2004-01-27 00:00:00,25021.86,4869.61,2391.32,485.01,487.2,2316.87,2623.92,995.69,39191.48
,,,2004-01-28 00:00:00,24969.72,4869.61,2391.32,485.01,487.2,2319.37,2618.14,995.69,39136.07
,,,2004-01-29 00:00:00,24931.35,4869.61,2391.32,485.01,487.2,2344.37,2619.54,991.37,39119.78
,,,2004-02-02 00:00:00,24885.36,4869.61,2391.32,485.01,487.2,2341.87,2616.99,991.37,39068.74
,,,2004-02-03 00:00:00,24923.37,4873.44,2391.32,485.01,487.2,2341.87,2619.19,991.37,39112.79
,,,2004-02-04 00:00:00,24934.24,4873.44,2391.32,485.01,487.2,2339.37,2627.54,989.77,39127.9
,,,2004-02-05 00:00:00,24918.07,4873.44,2370.23,485.01,487.2,2343.07,2631.56,991.21,39099.8
,,,2004-02-06 00:00:00,24950.37,4873.44,2370.23,485.01,487.2,2343.07,2637.06,991.21,39137.6
,,,2004-02-09 00:00:00,24895.41,4873.44,2370.23,485.01,487.2,2340.57,2641.29,988.01,39081.17
,,,2004-02-10 00:00:00,24882.44,4873.44,2370.23,485.01,487.2,2343.07,2638.91,980.49,39060.8
,,,2004-02-11 00:00:00,24903.16,4873.44,2365.23,485.01,487.2,2343.07,2639.11,983.21,39079.44
,,,2004-02-12 00:00:00,24924.92,4873.44,2365.23,485.01,487.2,2345.57,2641.19,983.21,39105.78
,,,,,,,,,,,,
,,,Date/Month,Commercial,  Manufacturing &,           Hotel,Others,   Trading, Insurance,Finance,Development,     Total
,,,Falgun 2060,Bank,Processing,,,,,,Banking,
,,,2004-02-13 00:00:00,24782.57,4873.44,2370.23,485.01,487.2,2345.57,2636.58,983.21,38963.82
,,,2004-02-16 00:00:00,24816.17,4873.44,2360.23,486.81,487.2,2350.57,2627.35,988.97,38990.74
,,,2004-02-17 00:00:00,24800.38,4873.44,2360.23,486.81,487.2,2356.57,2624.65,984.65,38973.93
,,,2004-02-20 00:00:00,24789.93,4877.27,2360.23,488.6,487.2,2356.57,2626.53,984.65,38967.16
,,,2004-02-23 00:00:00,24778.21,4877.27,2365.23,488.6,487.2,2334.07,2627.13,989.13,38946.85
,,,2004-02-25 00:00:00,24720.6,4848.23,2357.78,488.6,487.2,2331.57,2618.06,989.13,38870.21
,,,2004-02-26 00:00:00,24580.93,4848.23,2357.78,488.6,487.2,2336.57,2617.93,989.13,38706.37
,,,2004-02-27 00:00:00,24537.16,4848.23,2357.78,488.6,487.2,2334.07,2611.73,989.13,38653.91
,,,2004-03-01 00:00:00,24512.07,4848.23,2345.33,488.6,486.66,2332.57,2615.9,989.13,38618.5
,,,2004-03-02 00:00:00,24523.47,4848.23,2345.33,488.6,486.66,2332.57,2616.9,990.71,38632.49
,,,2004-03-03 00:00:00,24541.07,4848.23,2355.33,488.6,486.66,2320.07,2613.2,992.33,38645.49
,,,2004-03-04 00:00:00,24552.67,4829.82,2355.33,488.6,486.66,2320.07,2612.13,987.53,38632.81
,,,2004-03-05 00:00:00,24473.82,4829.82,2372.78,488.6,486.66,2320.07,2601.93,995.53,38569.21
,,,2004-03-08 00:00:00,24439.76,4833.65,2362.78,488.6,486.66,2302.17,2599.88,995.53,38509.03
,,,2004-03-09 00:00:00,24462.94,4833.65,2362.78,488.6,486.66,2312.17,2599.73,995.53,38542.06
,,,2004-03-10 00:00:00,24427.94,4833.65,2362.78,488.6,486.66,2312.17,2598.33,995.53,38505.65
,,,2004-03-11 00:00:00,24370.27,4833.65,2362.78,488.6,486.66,2309.67,2596.45,994.09,38442.17
,,,2004-03-12 00:00:00,24376.31,4833.65,2367.78,488.6,486.66,2302.17,2613,1001.29,38456.58
,,,,,,,,,,,,
,,,Date/Month,Commercial,  Manufacturing &,           Hotel,Others,   Trading, Insurance,Finance,Development,     Total
,,,chaitra 2060,Bank,Processing,,,,,,Banking,
,,,2004-03-15 00:00:00,24373.63,4833.65,2367.78,488.6,486.66,2310.02,2600.21,1004.19,38464.72
,,,2004-03-16 00:00:00,24384.6,4833.65,2367.78,486.81,493.48,2305.72,2602.46,991.21,38470.71
,,,2004-03-17 00:00:00,24425.12,4833.65,2367.78,486.81,493.48,2316.12,2676.36,991.21,38595.53
,,,2004-03-18 00:00:00,24363.05,4833.65,2375.23,488.6,493.48,2317.62,3674.26,992.81,38540.68
,,,2004-03-19 00:00:00,24227.7,4833.65,2370.23,486.81,486.66,2321.12,3674.86,992.81,38393.84
,,,2004-03-22 00:00:00,24393.78,4833.65,2370.23,486.81,486.66,2318.62,2683.84,992.81,38566.4
,,,2004-03-23 00:00:00,24439.93,4833.65,2370.23,486.81,486.66,2318.62,2707.84,992.81,38636.54
,,,2004-03-24 00:00:00,23613.31,4833.65,2370.23,486.81,486.66,2321.12,2707.84,992.81,37812.42
,,,2004-03-25 00:00:00,22270.41,4833.65,2365.23,488.6,486.66,2321.12,2709.89,998.57,36402.75
,,,2004-03-26 00:00:00,22402.49,4833.65,2360.23,488.6,486.66,2321.12,2710.59,989.77,36593.11
,,,2004-03-29 00:00:00,23330.75,4833.65,2360.23,488.6,486.66,2321.12,2713.79,989.77,36524.57
,,,2004-03-31 00:00:00,22405.1,4833.65,2352.78,488.6,486.66,2355.61,2698.64,989.77,36610.81
,,,2004-04-01 00:00:00,23391.4,4832.55,2352.78,488.6,486.66,2355.61,2696,782.85,36386.45
,,,2004-04-02 00:00:00,21487.4,4832.55,2352.78,488.6,486.66,2354.54,2726.99,782.85,36427.84
,,,2004-04-05 00:00:00,21664.32,4832.55,2352.78,488.6,486.66,2354.04,2730.69,779.65,35689.3
,,,2004-04-06 00:00:00,21884.1,4832.55,2352.78,488.6,486.66,2356.54,2736.82,765.65,35903.7
,,,2004-04-07 00:00:00,22153.03,4832.55,2352.78,488.6,486.66,2353.84,2745.36,773.65,36186.48
,,,2004-04-08 00:00:00,22207.7,4832.55,2352.78,488.6,486.66,2393.84,2748.74,773.65,36284.51
,,,2004-04-09 00:00:00,22239.06,4832.55,2352.78,488.6,486.66,2388.24,2742.14,776.85,36306.88
,,,2004-04-12 00:00:00,22541.98,4832.55,2352.78,488.6,486.66,2393.24,2737.34,781.17,36614.31
,,,,,,,,,,,,
,,,Date,Commercial,  Manufacturing &,           Hotel,Others,   Trading, Insurance,Finance,Development,     Total
,,,Bishakh 061,Bank,Processing,,,,,,Banking,
,,,2004-04-14 00:00:00,22833.64,4832.55,2352.78,490.39,486.66,2409.73,2739.09,781.17,36926.01
,,,2004-04-15 00:00:00,22678.89,4832.55,2352.78,490.39,486.66,2415.48,2731.98,784.05,36772.78
,,,2004-04-16 00:00:00,22740.4,4832.55,2352.78,490.39,486.66,2417.98,2733.18,784.05,36838
,,,2004-04-19 00:00:00,22802.12,4832.55,2352.78,490.39,486.66,2412.38,2726.38,784.05,36887.31
,,,2004-04-20 00:00:00,22851.42,4832.55,2352.78,490.39,486.66,2412.38,2735.52,784.05,36945.75
,,,2004-04-21 00:00:00,22860.29,4832.55,2352.78,493.97,486.66,2418.83,2732.12,784.05,36966.26
,,,2004-04-22 00:00:00,22968.87,4832.55,2357.78,492.18,486.66,2422.03,2731.57,784.05,37075.7
,,,2004-04-23 00:00:00,23031.95,4832.55,2352.78,493.97,486.66,2417.03,2724.97,785.33,37130.26
,,,2004-04-26 00:00:00,23089.49,4832.55,2357.78,493.97,486.66,2418.33,2725.22,783.73,37187.74
,,,2004-04-27 00:00:00,23127.64,4832.55,2357.78,495.77,486.66,2418.33,2726.22,783.73,37228.68
,,,2004-04-28 00:00:00,23113.79,4832.55,2357.78,495.77,486.66,2421.43,2728.02,783.73,37219.73
,,,2004-04-29 00:00:00,23225.89,4832.55,2357.78,497.56,486.66,2433.13,2732.02,783.73,37349.33
,,,2004-04-30 00:00:00,23217.59,4832.55,2357.78,497.56,486.66,2435.63,2729.97,783.73,37341.47
,,,2004-05-03 00:00:00,23185.8,4832.55,2357.78,497.56,490.37,2435.63,2730.45,783.73,37313.88
,,,2004-05-05 00:00:00,23224.89,4053,2357.78,497.56,490.37,2439.83,2729.65,780.85,36573.93
,,,2004-05-06 00:00:00,23234.59,4053,2362.78,497.56,490.37,2442.33,2731.85,782.45,36594.93
,,,2004-05-07 00:00:00,23806.79,4082.23,2362.78,497.56,490.37,2472.32,2794.6,780.85,37287.5
,,,2004-05-10 00:00:00,23837.65,4105.55,2362.78,497.56,490.37,2464.82,2792.92,777.97,37329.63
,,,2004-05-11 00:00:00,23858.53,4105.55,2357.78,497.56,490.37,2464.82,2785.97,777.97,37338.56
,,,2004-05-12 00:00:00,23851.78,4230.28,2340.39,497.56,490.37,2467.32,2786.32,777.97,37441.99
,,,2004-05-13 00:00:00,23994.12,4501.18,2345.39,497.56,490.37,2467.62,2784.75,777.97,37858.96
,,,,,,,,,,,,
,,,Date,Com.,  Man. &,           Hotel,Others,   Trading, Insurance,Finance,Development,     Total
,,,Jestha 061,Bank,Processing,,,,,,Banking,
,,,2004-05-14 00:00:00,24005.4,4501.18,2345.39,497.56,490.37,2467.62,2784.15,777.97,37869.63
,,,2004-05-17 00:00:00,24084.34,4501.18,2340.39,497.56,490.37,2467.62,2783.8,777.97,37943.23
,,,2004-05-18 00:00:00,24146.61,4501.18,234039,497.56,490.37,2467.13,2857.4,775.09,38075.73
,,,2004-05-19 00:00:00,24154.18,4501.18,2314.29,497.56,490.37,2467.13,2858.8,776.53,38060.05
,,,2004-05-20 00:00:00,24199.91,4501.18,2319.29,497.56,490.37,2467.13,2860.6,773.65,38109.71
,,,2004-05-21 00:00:00,24175.6,4501.18,2319.29,497.56,490.37,2467.13,2856.5,773.65,38081.29
,,,2004-05-24 00:00:00,24266.64,4501.18,2319.29,497.56,490.37,2467.13,2848.75,773.65,38164.58
,,,2004-05-25 00:00:00,24322.54,4551.05,2319.29,497.56,490.37,2467.13,2842.55,773.65,38264.15
,,,2004-05-26 00:00:00,24346.63,4551.05,2319.29,497.56,490.37,2464.63,2844.25,775.09,38288.88
,,,2004-05-27 00:00:00,24458.77,4551.05,2319.29,497.56,490.37,2468.63,2867.22,776.85,38429.75
,,,2004-05-28 00:00:00,24484.7,4551.05,2319.29,497.56,490.37,2468.63,2867.22,776.85,38455.88
,,,2004-05-31 00:00:00,24561.43,4551.05,2319.29,497.56,490.37,2466.31,2862.12,776.85,38524.99
,,,2004-06-01 00:00:00,24528.54,4554.88,2319.29,497.56,490.37,2465.71,2862.52,776.85,38495.73
,,,2004-06-02 00:00:00,24761.68,4554.88,2319.29,497.56,490.37,2465.71,2866.17,776.85,38732.52
,,,2004-06-03 00:00:00,24870.78,4554.88,2319.29,497.56,490.37,2468.21,2863.32,776.85,38846.27
,,,2004-06-04 00:00:00,24938.44,4554.88,2332.29,496.66,490.37,2467.83,2860.8,776.85,38910.13
,,,2004-06-07 00:00:00,25109.25,4554.88,2331.74,496.66,490.37,2467.83,2864,776.85,39091.6
,,,2004-06-08 00:00:00,25426.47,4554.88,2339.19,495.77,490.37,2384.11,2863.67,776.85,39331.33
,,,2004-06-09 00:00:00,25892.31,4554.88,2334.19,495.77,490.37,2386.61,2864.46,779.89,39798.5
,,,2004-06-10 00:00:00,26324.27,4573.29,2344.19,493.98,490.37,2386.61,2866.01,779.89,40258.63
,,,2004-06-11 00:00:00,26260.6,4573.29,2344.19,493.98,490.37,2389.61,2864.81,781.65,40198.52
,,,2004-06-14 00:00:00,25644.79,4573.29,2344.19,493.98,490.37,2387.11,2868.71,783.09,39585.55
,,,,,,,,,,,,
,,,,,,,,,,,,
,,,,,,,,,,,,
,,,,,,,,,,,,
,,,,,,,,,,,,
,,,Date/Month,Commercial,  Manufacturing &,           Hotel,Others,   Trading, Insurance,Finance,Development,     Total
,,,Ashad 2061,Bank,Processing,,,,,,Banking,
,,,2004-06-15 00:00:00,25310.9,4573.29,2344.19,493.09,490.37,2387.11,2867.01,783.09,39249.07
,,,2004-06-16 00:00:00,25308.37,4573.29,2361.59,493.09,504.02,2387.11,2864.01,783.09,39274.58
,,,2004-06-21 00:00:00,25322.82,4573.29,2361.59,493.09,504.02,2386.61,2861.01,783.09,39285.53
,,,2004-06-22 00:00:00,25647.04,4575.5,2361.59,493.09,490.65,2394.11,2864.13,783.09,39609.2
,,,2004-06-23 00:00:00,25960.81,4593.92,2361.59,493.09,490.65,2404.68,2865.53,783.09,39953.35
,,,2004-06-24 00:00:00,26217.94,4593.92,2361.59,493.09,490.05,2407.68,2866.53,783.09,40214.48
,,,2004-06-25 00:00:00,26392.66,4593.92,2361.59,493.09,490.65,2415.18,2871.93,783.09,40392.1
,,,2004-06-28 00:00:00,26360.01,4593.92,2361.59,493.09,490.37,2414.61,2884.46,784.53,40382.59
,,,2004-06-29 00:00:00,26423.75,4584.71,2361.59,493.09,490.37,2416.51,2885.46,784.53,40440.01
,,,2004-06-30 00:00:00,26625.43,4584.71,2361.59,493.09,490.37,2391.01,2882.48,784.53,40613.21
,,,2004-07-01 00:00:00,26750.88,4584.71,2369.04,493.09,490.37,2396.58,2883.62,784.53,40752.82
,,,2004-07-02 00:00:00,26999.98,4593.92,2369.04,493.09,490.37,2537.9,2899.68,784.53,41168.51
,,,2004-07-05 00:00:00,27764.99,4644.59,2369.04,493.09,490.37,2538.8,2903.68,784.53,41989.09
,,,2004-07-06 00:00:00,28260.14,4644.59,2369.04,493.09,490.37,2541.3,2906.28,784.53,42489.34
,,,2004-07-08 00:00:00,28087.88,4644.59,2369.04,493.09,490.37,2541.3,2901.58,784.53,42312.37
,,,2004-07-09 00:00:00,27969.74,4644.59,2376.49,493.09,490.37,2535.3,2909.65,784.53,42203.76
,,,2004-07-12 00:00:00,27948.44,4644.59,2376.49,493.09,490.37,2534.3,2913.05,777.33,42177.66
,,,2004-07-13 00:00:00,27979.51,4644.59,2383.94,493.09,490.37,2544.3,2913.25,777.33,42226.39
,,,2004-07-14 00:00:00,27999.84,4644.59,2391.39,493.09,490.37,2546.8,2913.65,796.85,42276.59
,,,2004-07-15 00:00:00,27147.42,4644.59,2391.39,493.09,490.37,2549.3,2911.75,796.85,41424.77
