SN,Date,Close,High,Low,Absolute Change,Percentage Change,52 Weeks High,52 Weeks Low,Turnover Values,Turnover Volume,Total Transaction
1,2025-08-11,-,"6,984.30","6,934.69",-,-,"7,755.99","5,963.95","13,887,711.30","14,528",127
2,2025-08-07,"6,964.24","7,010.51","6,923.57",(42.15),(0.60 %),"7,755.99","5,963.95","112,061,262.80","135,198","1,159"
3,2025-08-06,"6,922.09","6,969.89","6,870.92",(-3.47),(-0.05 %),"7,755.99","5,963.95","110,494,133.70","140,031","1,008"
4,2025-08-05,"6,925.56","7,047.18","6,905.69",(-58.98),(-0.84 %),"7,780.66","5,963.95","173,937,053.20","225,478","1,234"
5,2025-08-04,"6,984.55","7,094.13","6,932.78",(-24.13),(-0.34 %),"7,780.66","5,963.95","216,853,176.00","264,654","1,450"
6,2025-08-03,"7,008.68","7,142.02","6,988.64",(-83.14),(-1.17 %),"7,780.66","5,963.95","315,717,772.30","359,184","2,102"
7,2025-07-31,"7,091.82","7,208.68","7,062.30",(-71.55),(-0.99 %),"7,780.66","5,963.95","263,220,087.60","316,627","1,797"
8,2025-07-30,"7,163.38","7,339.04","7,150.97",(-154.39),(-2.10 %),"7,780.66","5,963.95","330,073,775.40","421,093","1,879"
9,2025-07-29,"7,317.77","7,446.44","7,276.91",(23.51),(0.32 %),"7,780.66","5,963.95","266,755,283.70","318,706","1,733"
10,2025-07-28,"7,294.26","7,370.64","7,190.77",(-13.46),(-0.18 %),"7,780.66","5,963.95","387,849,759.40","459,889","2,331"
11,2025-07-27,"7,307.72","7,554.34","7,294.01",(-133.23),(-1.79 %),"7,780.66","5,963.95","619,946,194.94","777,592","3,488"
12,2025-07-24,"7,440.95","7,513.88","7,392.28",(34.36),(0.46 %),"7,780.66","5,963.95","396,138,873.60","458,317","2,365"
13,2025-07-23,"7,406.58","7,515.31","7,328.71",(-82.49),(-1.10 %),"7,780.66","5,963.95","479,567,933.70","588,239","3,195"
14,2025-07-22,"7,489.08","7,503.53","7,255.07",(249.73),(3.44 %),"7,780.66","5,963.95","637,360,909.00","836,430","3,574"
15,2025-07-21,"7,239.35","7,276.17","7,155.07",(21.79),(0.30 %),"7,780.66","5,963.95","497,986,397.00","554,548","3,598"
16,2025-07-20,"7,217.55","7,342.24","7,087.47",(88.58),(1.24 %),"7,780.66","5,963.95","521,368,913.40","618,307","3,901"
17,2025-07-17,"7,128.97","7,182.76","6,947.71",(181.25),(2.60 %),"7,780.66","5,963.95","269,178,932.70","353,705","2,165"
18,2025-07-16,"6,947.71","6,986.00","6,906.03",(41.11),(0.59 %),"7,780.66","5,761.62","205,340,252.80","288,234","1,258"
19,2025-07-15,"6,906.60","6,944.48","6,833.04",(64.14),(0.93 %),"7,780.66","5,559.65","221,505,732.60","306,209","1,088"
20,2025-07-14,"6,842.45","7,005.81","6,838.39",(-17.56),(-0.25 %),"7,780.66","5,559.65","126,820,923.00","181,898",844
21,2025-07-13,"6,860.02","6,938.40","6,814.77",(33.34),(0.48 %),"7,780.66","5,559.65","187,229,810.40","266,612","1,211"
22,2025-07-10,"6,826.68","6,865.65","6,801.80",(9.98),(0.14 %),"7,780.66","5,559.65","116,344,606.30","152,123","1,036"
23,2025-07-09,"6,816.69","6,859.62","6,782.56",(19.51),(0.28 %),"7,780.66","5,513.94","91,613,848.10","127,565",655
24,2025-07-08,"6,797.18","6,841.29","6,769.93",(-0.89),(-0.01 %),"7,780.66","5,513.94","119,150,239.60","160,074",808
25,2025-07-07,"6,798.07","6,904.93","6,767.38",(41.80),(0.61 %),"7,780.66","5,513.94","237,322,626.50","317,880","1,300"
26,2025-07-06,"6,756.27","6,807.74","6,745.31",(-17.19),(-0.25 %),"7,780.66","5,422.27","111,505,958.40","162,356",879
27,2025-07-03,"6,773.46","6,824.34","6,738.94",(-5.19),(-0.07 %),"7,780.66","5,328.54","140,491,498.70","195,685","1,046"
28,2025-07-02,"6,778.66","6,804.11","6,713.88",(47.84),(0.71 %),"7,780.66","5,328.54","128,589,545.20","172,087",976
29,2025-07-01,"6,730.82","6,743.52","6,691.68",(38.27),(0.57 %),"7,780.66","5,281.28","102,633,123.60","144,520",783
30,2025-06-30,"6,692.54","6,771.66","6,682.90",(-2.30),(-0.03 %),"7,780.66","5,238.93","131,530,845.50","178,247",810
31,2025-06-29,"6,694.85","6,728.36","6,617.20",(6.32),(0.09 %),"7,780.66","5,238.93","222,418,445.00","277,182","1,224"
32,2025-06-26,"6,688.52","6,834.48","6,686.29",(-128.00),(-1.87 %),"7,780.66","5,238.93","195,668,240.00","289,985","1,320"
33,2025-06-25,"6,816.53","6,840.41","6,720.33",(96.19),(1.43 %),"7,780.66","5,238.93","241,920,933.70","292,399","1,286"
34,2025-06-24,"6,720.33","6,862.37","6,712.26",(-66.99),(-0.98 %),"7,780.66","5,238.93","126,840,756.70","173,634",986
35,2025-06-23,"6,787.32","6,816.74","6,679.76",(60.59),(0.90 %),"7,780.66","5,238.93","151,875,278.00","219,639","1,184"
36,2025-06-22,"6,726.73","6,955.30","6,707.92",(-217.42),(-3.13 %),"7,780.66","5,238.93","237,091,176.90","335,134","1,737"
37,2025-06-19,"6,944.16","7,078.23","6,894.30",(-67.61),(-0.96 %),"7,780.66","5,238.93","405,699,888.30","558,164","2,384"
38,2025-06-18,"7,011.77","7,118.86","7,002.74",(-80.57),(-1.13 %),"7,780.66","5,238.93","312,201,733.20","369,807","1,903"
39,2025-06-17,"7,092.35","7,357.50","7,077.42",(-114.01),(-1.58 %),"7,780.66","5,238.93","503,308,903.30","701,220","2,785"
40,2025-06-16,"7,206.36","7,242.33","6,830.58",(323.37),(4.69 %),"7,780.66","5,238.93","949,660,132.00","1,318,681","4,842"
41,2025-06-15,"6,882.99","6,938.30","6,829.60",(-4.38),(-0.06 %),"7,780.66","5,238.93","331,269,876.70","403,949","2,289"
42,2025-06-12,"6,887.37","6,982.02","6,734.72",(144.88),(2.14 %),"7,780.66","5,238.93","477,148,507.40","641,207","3,175"
43,2025-06-11,"6,742.48","6,844.25","6,734.04",(-73.68),(-1.08 %),"7,780.66","5,238.93","238,988,005.70","335,800","1,583"
44,2025-06-10,"6,816.17","6,854.51","6,729.70",(86.47),(1.28 %),"7,780.66","5,238.93","226,729,834.90","368,304","1,198"
45,2025-06-09,"6,729.70","6,777.04","6,703.96",(-17.37),(-0.25 %),"7,780.66","5,238.93","261,575,056.50","381,619","1,143"
46,2025-06-08,"6,747.07","6,812.51","6,715.28",(8.41),(0.12 %),"7,780.66","5,238.93","264,418,532.70","404,232","1,539"
47,2025-06-05,"6,738.66","6,812.53","6,711.56",(-32.80),(-0.48 %),"7,780.66","5,238.93","309,732,377.90","431,503","1,595"
48,2025-06-04,"6,771.46","6,891.56","6,756.70",(-32.11),(-0.47 %),"7,780.66","5,238.93","119,368,682.60","178,550",803
49,2025-06-03,"6,803.58","6,971.37","6,790.85",(-147.44),(-2.12 %),"7,780.66","5,238.93","192,706,903.30","299,697","1,178"
50,2025-06-02,"6,951.02","7,046.65","6,879.32",(162.40),(2.39 %),"7,780.66","5,238.93","449,648,721.20","691,320","2,424"
51,2025-05-28,"6,788.62","6,873.52","6,670.36",(54.93),(0.81 %),"7,780.66","5,238.93","226,762,739.10","366,000","1,258"
52,2025-05-27,"6,733.69","6,789.70","6,664.41",(-6.43),(-0.09 %),"7,780.66","5,238.93","182,883,537.60","290,032","1,154"
53,2025-05-26,"6,740.12","6,950.44","6,712.07",(-62.08),(-0.91 %),"7,780.66","5,238.93","205,571,678.60","315,140","1,339"
54,2025-05-25,"6,802.21","6,934.21","6,740.60",(-121.27),(-1.75 %),"7,780.66","5,238.93","279,677,621.60","427,985","1,773"
55,2025-05-22,"6,923.49","7,178.92","6,905.04",(-185.11),(-2.60 %),"7,780.66","5,238.93","304,678,110.10","455,370","1,905"
56,2025-05-21,"7,108.60","7,335.30","7,024.04",(-8.87),(-0.12 %),"7,780.66","5,169.40","515,832,446.50","699,788","2,629"
57,2025-05-20,"7,117.48","7,184.95","6,880.71",(236.00),(3.42 %),"7,780.66","5,154.95","703,492,156.00","946,258","3,134"
58,2025-05-19,"6,881.47","7,025.26","6,827.26",(-86.85),(-1.24 %),"7,780.66","5,134.53","538,766,089.50","726,098","2,220"
59,2025-05-18,"6,968.33","7,028.09","6,837.21",(76.66),(1.11 %),"7,780.66","5,065.94","620,276,879.20","827,100","3,093"
60,2025-05-15,"6,891.66","6,916.43","6,537.82",(322.83),(4.91 %),"7,780.66","5,065.94","537,272,508.50","907,102","3,286"
61,2025-05-14,"6,568.83","6,783.18","6,548.84",(-103.39),(-1.54 %),"7,780.66","5,065.94","113,828,804.10","201,955",831
62,2025-05-13,"6,672.22","6,918.09","6,643.90",(-151.47),(-2.21 %),"7,780.66","5,065.94","183,307,297.10","301,750","1,343"
63,2025-05-11,"6,823.69","6,914.86","6,413.48",(400.81),(6.24 %),"7,780.66","5,065.94","439,795,877.90","713,782","2,979"
64,2025-05-08,"6,422.87","6,486.65","6,392.02",(-9.34),(-0.14 %),"7,780.66","4,921.26","86,964,837.80","144,528",673
65,2025-05-07,"6,432.22","6,467.92","6,316.05",(101.13),(1.59 %),"7,780.66","4,921.26","66,155,691.70","104,379",739
66,2025-05-06,"6,331.09","6,368.93","6,314.15",(-20.98),(-0.33 %),"7,780.66","4,921.26","48,967,219.50","76,668",453
67,2025-05-05,"6,352.08","6,361.91","6,301.57",(1.79),(0.02 %),"7,780.66","4,921.26","38,935,695.80","56,214",390
68,2025-05-04,"6,350.28","6,401.77","6,318.10",(3.17),(0.04 %),"7,780.66","4,921.26","67,419,208.00","102,650",682
69,2025-04-30,"6,347.11","6,395.82","6,306.84",(-32.33),(-0.50 %),"7,780.66","4,921.26","60,119,011.60","89,453",645
70,2025-04-29,"6,379.45","6,448.36","6,362.47",(-40.74),(-0.63 %),"7,780.66","4,921.26","35,718,098.90","53,412",435
71,2025-04-28,"6,420.19","6,478.12","6,398.25",(-15.12),(-0.23 %),"7,780.66","4,921.26","56,352,379.70","88,241",472
72,2025-04-27,"6,435.31","6,491.81","6,385.16",(24.63),(0.38 %),"7,780.66","4,921.26","81,911,651.90","139,925",675
73,2025-04-24,"6,410.67","6,500.12","6,404.90",(-75.84),(-1.16 %),"7,780.66","4,921.26","56,698,601.90","82,181",573
74,2025-04-23,"6,486.52","6,565.98","6,460.75",(-69.44),(-1.05 %),"7,780.66","4,921.26","70,604,453.50","113,524",524
75,2025-04-22,"6,555.97","6,590.09","6,488.50",(51.91),(0.79 %),"7,780.66","4,921.26","82,424,514.10","138,132",656
76,2025-04-21,"6,504.05","6,561.97","6,465.91",(3.93),(0.06 %),"7,780.66","4,921.26","54,992,902.90","87,222",485
77,2025-04-20,"6,500.12","6,623.99","6,489.25",(-90.26),(-1.36 %),"7,780.66","4,921.26","56,163,956.40","91,363",530
78,2025-04-17,"6,590.39","6,653.02","6,535.10",(25.81),(0.39 %),"7,780.66","4,921.26","91,039,158.90","140,623",780
79,2025-04-16,"6,564.58","6,579.95","6,527.76",(-11.03),(-0.16 %),"7,780.66","4,921.26","56,510,857.30","95,920",497
80,2025-04-15,"6,575.61","6,581.94","6,447.16",(128.44),(1.99 %),"7,780.66","4,921.26","83,703,515.90","139,998",745
81,2025-04-13,"6,447.16","6,467.33","6,390.25",(9.30),(0.14 %),"7,780.66","4,921.26","38,068,621.20","54,388",396
82,2025-04-10,"6,437.86","6,477.63","6,416.45",(-26.51),(-0.41 %),"7,780.66","4,921.26","45,020,531.20","60,598",530
83,2025-04-09,"6,464.37","6,478.93","6,294.76",(154.28),(2.44 %),"7,780.66","4,921.26","58,804,726.80","93,741",743
84,2025-04-08,"6,310.09","6,340.70","6,270.12",(-30.60),(-0.48 %),"7,780.66","4,921.26","54,698,185.90","77,857",631
85,2025-04-07,"6,340.70","6,427.50","6,329.75",(-86.80),(-1.35 %),"7,780.66","4,921.26","47,791,895.30","68,472",520
86,2025-04-03,"6,427.50","6,489.01","6,417.25",(-8.02),(-0.12 %),"7,780.66","4,921.26","60,078,131.40","82,135",574
87,2025-04-02,"6,435.53","6,458.72","6,388.71",(38.27),(0.59 %),"7,780.66","4,921.26","41,496,672.50","59,590",454
88,2025-04-01,"6,397.25","6,512.46","6,378.83",(-113.53),(-1.74 %),"7,780.66","4,921.26","48,471,401.30","66,130",610
89,2025-03-30,"6,510.79","6,540.04","6,413.45",(91.08),(1.41 %),"7,780.66","4,921.26","65,314,451.00","87,244",709
90,2025-03-27,"6,419.70","6,437.77","6,357.83",(28.31),(0.44 %),"7,780.66","4,921.26","58,507,826.10","83,327",650
91,2025-03-26,"6,391.39","6,401.27","6,272.91",(112.03),(1.78 %),"7,780.66","4,921.26","33,607,849.60","46,269",489
92,2025-03-25,"6,279.36","6,455.20","6,257.49",(-175.84),(-2.72 %),"7,780.66","4,921.26","61,164,053.60","95,080",761
93,2025-03-24,"6,455.20","6,464.65","6,306.44",(66.12),(1.03 %),"7,780.66","4,921.26","50,157,295.70","73,296",635
94,2025-03-23,"6,389.07","6,539.63","6,383.14",(-150.56),(-2.30 %),"7,780.66","4,921.26","72,233,149.20","98,012",871
95,2025-03-20,"6,539.63","6,599.83","6,525.28",(-31.93),(-0.48 %),"7,780.66","4,921.26","40,317,109.80","55,698",524
96,2025-03-19,"6,571.56","6,683.32","6,547.01",(7.06),(0.10 %),"7,780.66","4,921.26","52,661,018.30","75,254",570
97,2025-03-18,"6,564.50","6,651.44","6,540.01",(-23.98),(-0.36 %),"7,780.66","4,921.26","45,638,968.40","59,440",502
98,2025-03-17,"6,588.48","6,660.26","6,517.94",(12.03),(0.18 %),"7,780.66","4,921.26","63,941,574.20","79,032",648
99,2025-03-16,"6,576.44","6,661.24","6,540.05",(-35.14),(-0.53 %),"7,780.66","4,921.26","66,542,925.80","92,844",722
100,2025-03-12,"6,611.58","6,644.80","6,540.67",(42.44),(0.64 %),"7,780.66","4,921.26","54,663,675.90","67,879",597
101,2025-03-11,"6,569.13","6,706.22","6,542.69",(-75.60),(-1.13 %),"7,780.66","4,921.26","81,356,976.20","106,371",901
102,2025-03-10,"6,644.73","6,767.11","6,631.15",(-67.09),(-0.99 %),"7,780.66","4,921.26","68,747,440.20","94,084",846
103,2025-03-09,"6,711.83","6,794.68","6,678.64",(-56.23),(-0.83 %),"7,780.66","4,921.26","98,474,009.50","128,879","1,120"
104,2025-03-06,"6,768.06","6,834.95","6,745.22",(-38.87),(-0.57 %),"7,780.66","4,921.26","90,182,832.60","112,680",859
105,2025-03-05,"6,806.93","6,921.23","6,786.03",(-64.59),(-0.93 %),"7,780.66","4,921.26","88,851,313.80","113,702",967
106,2025-03-04,"6,871.52","7,011.90","6,855.27",(-67.32),(-0.97 %),"7,780.66","4,921.26","151,265,219.20","182,831","1,354"
107,2025-03-03,"6,938.84","7,122.95","6,938.84",(-133.09),(-1.88 %),"7,780.66","4,921.26","149,795,670.40","183,204","1,732"
108,2025-03-02,"7,071.94","7,085.40","6,799.54",(281.67),(4.14 %),"7,780.66","4,921.26","206,405,944.30","262,024","2,023"
109,2025-02-27,"6,790.27","6,838.09","6,721.74",(75.58),(1.12 %),"7,780.66","4,921.26","129,638,944.40","149,028","1,255"
110,2025-02-25,"6,714.69","6,791.14","6,698.23",(3.36),(0.05 %),"7,780.66","4,921.26","83,029,069.40","101,551",825
111,2025-02-24,"6,711.32","6,883.63","6,708.84",(-59.01),(-0.87 %),"7,780.66","4,921.26","103,452,501.50","126,956","1,175"
112,2025-02-23,"6,770.33","6,818.72","6,663.63",(-34.60),(-0.50 %),"7,780.66","4,921.26","132,912,881.40","157,956","1,274"
113,2025-02-20,"6,804.94","6,828.77","6,758.41",(-21.50),(-0.31 %),"7,780.66","4,921.26","86,597,841.10","102,197",911
114,2025-02-18,"6,826.44","6,939.04","6,808.89",(-72.41),(-1.04 %),"7,780.66","4,921.26","150,952,307.00","182,820","1,245"
115,2025-02-17,"6,898.86","6,961.70","6,733.06",(154.90),(2.29 %),"7,780.66","4,921.26","182,317,893.70","228,370","1,753"
116,2025-02-16,"6,743.96","6,757.31","6,591.20",(129.28),(1.95 %),"7,780.66","4,921.26","132,746,525.20","200,261","1,350"
117,2025-02-13,"6,614.67","6,730.29","6,603.90",(-38.85),(-0.58 %),"7,780.66","4,921.26","75,873,454.90","92,758",947
118,2025-02-12,"6,653.52","6,742.06","6,640.64",(-42.72),(-0.63 %),"7,780.66","4,921.26","80,663,579.40","100,872",923
119,2025-02-11,"6,696.24","6,744.87","6,645.76",(-32.24),(-0.47 %),"7,780.66","4,921.26","76,988,314.70","97,585",974
120,2025-02-10,"6,728.49","6,769.52","6,688.49",(-11.18),(-0.16 %),"7,780.66","4,921.26","84,061,415.50","92,588",912
121,2025-02-09,"6,739.68","6,813.57","6,692.50",(-16.36),(-0.24 %),"7,780.66","4,921.26","70,281,666.80","83,276",840
122,2025-02-06,"6,756.04","6,845.92","6,729.87",(-25.22),(-0.37 %),"7,780.66","4,921.26","77,287,609.40","98,063",743
123,2025-02-05,"6,781.26","6,847.73","6,745.65",(-33.09),(-0.48 %),"7,780.66","4,921.26","71,271,901.20","95,202",802
124,2025-02-04,"6,814.36","6,985.98","6,796.20",(-124.69),(-1.79 %),"7,780.66","4,921.26","99,824,677.60","123,528","1,116"
125,2025-02-03,"6,939.05","7,051.18","6,884.46",(-0.88),(-0.01 %),"7,780.66","4,921.26","122,914,383.30","168,414","1,103"
126,2025-02-02,"6,939.94","6,994.33","6,813.45",(124.15),(1.82 %),"7,780.66","4,921.26","158,643,132.90","209,658","1,531"
127,2025-01-28,"6,815.79","6,866.85","6,757.83",(46.05),(0.68 %),"7,780.66","4,921.26","95,844,894.80","120,059",928
128,2025-01-27,"6,769.73","6,836.13","6,737.10",(-35.14),(-0.51 %),"7,780.66","4,921.26","56,530,544.10","78,120",638
129,2025-01-26,"6,804.87","6,849.23","6,770.70",(-24.38),(-0.35 %),"7,780.66","4,921.26","80,622,191.20","115,542",748
130,2025-01-23,"6,829.26","6,910.70","6,763.61",(-53.87),(-0.78 %),"7,780.66","4,921.26","67,986,851.80","90,489",805
131,2025-01-22,"6,883.13","6,900.45","6,705.82",(182.47),(2.72 %),"7,780.66","4,921.26","157,501,540.60","228,072","1,374"
132,2025-01-21,"6,700.66","6,737.90","6,623.67",(52.08),(0.78 %),"7,780.66","4,921.26","58,456,285.60","79,296",684
133,2025-01-20,"6,648.57","6,686.68","6,620.89",(7.99),(0.12 %),"7,780.66","4,921.26","70,698,838.50","90,587",624
134,2025-01-19,"6,640.58","6,659.15","6,591.08",(-5.38),(-0.08 %),"7,780.66","4,921.26","51,983,614.50","69,050",557
135,2025-01-16,"6,645.96","6,709.91","6,617.63",(-15.30),(-0.22 %),"7,780.66","4,921.26","65,846,551.50","83,126",685
136,2025-01-15,"6,661.26","6,750.57","6,554.01",(107.25),(1.63 %),"7,780.66","4,921.26","88,469,075.80","100,141",790
137,2025-01-13,"6,554.01","6,644.47","6,515.84",(-90.46),(-1.36 %),"7,780.66","4,921.26","175,110,268.30","186,508",822
138,2025-01-12,"6,644.47","6,702.26","6,592.51",(-51.87),(-0.77 %),"7,780.66","4,921.26","37,748,895.70","50,044",444
139,2025-01-09,"6,696.35","6,785.71","6,616.97",(66.29),(0.99 %),"7,780.66","4,921.26","203,931,507.10","200,030","1,020"
140,2025-01-08,"6,630.06","6,664.34","6,590.71",(-4.33),(-0.06 %),"7,780.66","4,921.26","46,301,814.40","59,146",602
141,2025-01-07,"6,634.39","6,682.82","6,583.67",(-2.66),(-0.04 %),"7,780.66","4,921.26","57,741,047.10","80,783",658
142,2025-01-06,"6,637.06","6,691.56","6,428.01",(196.97),(3.05 %),"7,780.66","4,921.26","65,376,005.00","97,119",827
143,2025-01-05,"6,440.09","6,465.00","6,354.90",(38.60),(0.60 %),"7,780.66","4,921.26","43,634,478.40","60,997",522
144,2025-01-02,"6,401.48","6,424.52","6,302.83",(42.09),(0.66 %),"7,780.66","4,921.26","46,077,502.50","58,487",570
145,2025-01-01,"6,359.39","6,373.40","6,248.99",(59.98),(0.95 %),"7,780.66","4,921.26","32,310,424.50","47,518",469
146,2024-12-31,"6,299.41","6,406.04","6,248.07",(-88.49),(-1.38 %),"7,780.66","4,921.26","67,408,168.00","88,765",833
147,2024-12-29,"6,387.90","6,461.32","6,356.31",(-39.24),(-0.61 %),"7,780.66","4,921.26","58,046,072.30","71,973",715
148,2024-12-26,"6,427.14","6,486.50","6,392.53",(-50.74),(-0.78 %),"7,780.66","4,921.26","48,904,786.80","60,926",594
149,2024-12-24,"6,477.89","6,524.89","6,406.49",(60.46),(0.94 %),"7,780.66","4,921.26","50,332,076.20","67,292",648
150,2024-12-23,"6,417.42","6,453.09","6,363.34",(28.07),(0.43 %),"7,780.66","4,921.26","91,715,108.10","102,642","1,065"
151,2024-12-22,"6,389.35","6,448.16","6,346.84",(-10.61),(-0.16 %),"7,780.66","4,921.26","71,814,919.10","85,565",717
152,2024-12-19,"6,399.96","6,519.33","6,392.26",(-56.46),(-0.87 %),"7,780.66","4,921.26","70,365,996.00","87,761",703
153,2024-12-18,"6,456.42","6,596.95","6,454.51",(-27.87),(-0.42 %),"7,780.66","4,921.26","102,210,123.90","116,580",685
154,2024-12-17,"6,484.29","6,544.97","6,418.81",(11.76),(0.18 %),"7,780.66","4,921.26","61,000,285.60","73,797",576
155,2024-12-16,"6,472.53","6,625.97","6,436.74",(-153.43),(-2.31 %),"7,780.66","4,921.26","85,360,082.10","111,427",873
156,2024-12-12,"6,625.97","6,771.75","6,614.93",(-134.45),(-1.98 %),"7,780.66","4,921.26","74,609,830.90","89,762",819
157,2024-12-11,"6,760.42","6,767.37","6,663.90",(70.27),(1.05 %),"7,780.66","4,921.26","36,249,939.20","46,580",529
158,2024-12-10,"6,690.14","6,763.51","6,634.32",(19.26),(0.28 %),"7,780.66","4,921.26","68,583,703.30","79,724",705
159,2024-12-09,"6,670.87","6,815.67","6,650.63",(-55.96),(-0.83 %),"7,780.66","4,921.26","68,040,276.80","95,230",746
160,2024-12-08,"6,726.84","6,886.93","6,694.74",(-126.11),(-1.84 %),"7,780.66","4,921.26","94,194,196.40","124,371","1,085"
161,2024-12-05,"6,852.96","7,113.32","6,813.35",(-258.66),(-3.63 %),"7,780.66","4,921.26","146,668,377.50","175,473","1,437"
162,2024-12-04,"7,111.63","7,201.34","7,074.36",(-29.01),(-0.40 %),"7,780.66","4,921.26","111,240,468.50","124,823","1,079"
163,2024-12-03,"7,140.64","7,353.18","7,122.93",(-124.67),(-1.71 %),"7,780.66","4,921.26","116,687,829.00","131,901","1,266"
164,2024-12-02,"7,265.32","7,394.92","6,893.97",(348.04),(5.03 %),"7,780.66","4,921.26","416,879,682.00","474,910","3,740"
165,2024-12-01,"6,917.28","7,006.28","6,795.89",(20.73),(0.30 %),"7,780.66","4,921.26","159,632,106.00","188,191","1,567"
166,2024-11-28,"6,896.54","7,020.68","6,847.64",(-56.17),(-0.80 %),"7,780.66","4,921.26","126,631,738.10","176,300","1,302"
167,2024-11-27,"6,952.71","6,956.19","6,870.27",(98.85),(1.44 %),"7,780.66","4,921.26","232,034,662.40","348,634","1,663"
168,2024-11-26,"6,853.86","6,891.89","6,791.53",(43.63),(0.64 %),"7,780.66","4,921.26","111,832,239.10","153,763",964
169,2024-11-25,"6,810.22","6,862.11","6,718.44",(83.93),(1.24 %),"7,780.66","4,921.26","100,161,779.60","137,065",926
170,2024-11-24,"6,726.29","6,883.25","6,716.82",(-33.20),(-0.49 %),"7,780.66","4,921.26","95,639,287.20","126,746","1,025"
171,2024-11-21,"6,759.49","6,925.26","6,754.84",(-119.25),(-1.73 %),"7,780.66","4,921.26","159,032,793.10","189,520","1,389"
172,2024-11-20,"6,878.75","6,900.93","6,794.34",(31.25),(0.45 %),"7,780.66","4,795.21","130,704,089.60","152,641","1,255"
173,2024-11-19,"6,847.50","7,098.72","6,836.44",(-224.56),(-3.17 %),"7,780.66","4,795.21","249,336,882.60","295,948","2,327"
174,2024-11-17,"7,072.06","7,141.96","6,928.32",(153.15),(2.21 %),"7,780.66","4,795.21","306,641,451.30","375,582","2,488"
175,2024-11-14,"6,918.90","6,982.76","6,855.42",(60.97),(0.88 %),"7,780.66","4,795.21","188,770,358.90","219,226","1,734"
176,2024-11-13,"6,857.93","6,920.18","6,830.18",(-4.28),(-0.06 %),"7,780.66","4,795.21","148,203,668.30","177,281","1,234"
177,2024-11-12,"6,862.21","6,960.32","6,832.52",(-10.68),(-0.15 %),"7,780.66","4,795.21","135,629,397.10","166,011","1,211"
178,2024-11-11,"6,872.90","6,958.27","6,819.34",(-0.63),(0.00 %),"7,780.66","4,795.21","153,311,656.20","196,030","1,448"
179,2024-11-10,"6,873.54","6,883.57","6,788.89",(65.58),(0.96 %),"7,780.66","4,795.21","138,829,928.20","184,308","1,356"
180,2024-11-06,"6,807.96","6,885.13","6,764.11",(-51.92),(-0.75 %),"7,780.66","4,795.21","74,349,448.60","108,568",741
181,2024-11-05,"6,859.88","6,920.51","6,816.72",(56.01),(0.82 %),"7,780.66","4,648.80","113,087,516.40","177,505",964
182,2024-10-30,"6,803.87","6,903.76","6,691.49",(167.37),(2.52 %),"7,780.66","4,648.80","274,877,959.50","441,675","2,203"
183,2024-10-29,"6,636.49","6,653.54","6,457.41",(179.08),(2.77 %),"7,780.66","4,648.80","134,142,105.30","179,101","1,115"
184,2024-10-28,"6,457.41","6,461.95","6,367.66",(75.27),(1.17 %),"7,780.66","4,648.80","48,663,120.20","59,526",620
185,2024-10-27,"6,382.13","6,410.29","6,311.94",(44.03),(0.69 %),"7,780.66","4,648.80","49,732,251.90","65,349",648
186,2024-10-24,"6,338.09","6,401.24","6,320.18",(-55.71),(-0.87 %),"7,780.66","4,648.80","60,116,787.00","79,144",652
187,2024-10-23,"6,393.80","6,477.48","6,360.40",(-48.79),(-0.75 %),"7,780.66","4,648.80","68,149,217.70","89,731",666
188,2024-10-22,"6,442.60","6,476.52","6,350.58",(28.37),(0.44 %),"7,780.66","4,648.80","81,663,699.30","96,443",725
189,2024-10-21,"6,414.22","6,529.81","6,352.66",(-108.42),(-1.66 %),"7,780.66","4,648.80","106,002,670.60","137,768","1,154"
190,2024-10-20,"6,522.65","6,663.53","6,503.26",(-149.02),(-2.23 %),"7,780.66","4,648.80","145,746,711.40","191,059","1,308"
191,2024-10-17,"6,671.68","6,811.71","6,665.72",(-100.63),(-1.48 %),"7,780.66","4,648.80","119,978,019.00","156,104","1,060"
192,2024-10-16,"6,772.31","6,789.45","6,689.65",(99.86),(1.49 %),"7,780.66","4,648.80","164,252,524.70","186,540",930
193,2024-10-15,"6,672.45","6,672.45","6,601.71",(53.03),(0.80 %),"7,780.66","4,648.80","130,300,722.10","138,646",603
194,2024-10-09,"6,619.41","6,693.33","6,523.52",(0.98),(0.01 %),"7,780.66","4,648.80","56,884,588.30","73,408",601
195,2024-10-08,"6,618.43","6,802.35","6,585.46",(-130.91),(-1.93 %),"7,780.66","4,648.80","162,297,501.00","184,765",900
196,2024-10-07,"6,749.34","6,819.95","6,519.30",(228.51),(3.50 %),"7,780.66","4,648.80","448,896,499.20","521,672","2,839"
197,2024-10-06,"6,520.83","6,525.45","6,348.37",(109.74),(1.71 %),"7,780.66","4,648.80","117,364,683.40","149,124","1,263"
198,2024-10-02,"6,411.08","6,556.54","6,309.19",(-116.99),(-1.79 %),"7,780.66","4,648.80","156,371,307.90","206,842","1,573"
199,2024-10-01,"6,528.08","6,528.08","6,166.34",(368.14),(5.97 %),"7,780.66","4,648.80","194,152,227.80","258,588","2,004"
200,2024-09-30,"6,159.94","6,159.94","5,957.20",(195.99),(3.28 %),"7,780.66","4,648.80","62,873,567.00","81,113",706
201,2024-09-29,"5,963.95","6,072.68","5,911.39",(-89.09),(-1.47 %),"7,780.66","4,648.80","61,802,277.10","93,981",754
202,2024-09-26,"6,053.04","6,249.66","5,970.99",(-145.63),(-2.34 %),"7,780.66","4,648.80","71,915,803.40","99,266",953
203,2024-09-25,"6,198.68","6,199.53","5,860.73",(210.06),(3.50 %),"7,780.66","4,648.80","98,839,524.30","153,658","1,121"
204,2024-09-24,"5,988.62","6,218.97","5,931.32",(-163.81),(-2.66 %),"7,780.66","4,648.80","91,478,603.80","137,854","1,159"
205,2024-09-23,"6,152.43","6,396.14","6,130.81",(-212.06),(-3.33 %),"7,780.66","4,648.80","104,901,529.60","146,870","1,074"
206,2024-09-22,"6,364.50","6,568.26","6,280.74",(-39.57),(-0.61 %),"7,780.66","4,648.80","92,062,230.90","121,348","1,225"
207,2024-09-18,"6,404.07","6,454.78","6,299.00",(-8.05),(-0.12 %),"7,780.66","4,648.80","91,473,096.30","130,229","1,051"
208,2024-09-16,"6,412.12","6,626.82","6,354.33",(-163.29),(-2.48 %),"7,780.66","4,648.80","139,290,093.50","188,929","1,573"
209,2024-09-15,"6,575.42","6,885.67","6,555.07",(-251.86),(-3.68 %),"7,780.66","4,648.80","167,373,924.90","215,339","1,736"
210,2024-09-12,"6,827.29","6,850.63","6,628.49",(149.95),(2.24 %),"7,780.66","4,648.80","141,285,905.60","188,094","1,471"
211,2024-09-11,"6,677.34","6,758.30","6,598.59",(-35.01),(-0.52 %),"7,780.66","4,648.80","100,987,890.60","129,905","1,140"
212,2024-09-10,"6,712.35","6,902.00","6,646.66",(0.00),(0.00 %),"7,780.66","4,648.80","156,626,856.00","190,985","1,430"
213,2024-09-09,"6,712.35","6,908.41","6,678.89",(-184.28),(-2.67 %),"7,780.66","4,648.80","192,107,284.20","258,346","1,997"
214,2024-09-08,"6,896.63","7,063.61","6,863.79",(-98.97),(-1.41 %),"7,780.66","4,648.80","213,483,706.60","231,487","1,597"
215,2024-09-05,"6,995.60","7,050.63","6,807.13",(-8.38),(-0.11 %),"7,780.66","4,648.80","191,638,218.20","241,575","1,773"
216,2024-09-04,"7,003.99","7,371.42","6,970.90",(-328.22),(-4.47 %),"7,780.66","4,648.80","282,041,787.50","327,620","2,181"
217,2024-09-03,"7,332.21","7,397.61","7,174.86",(47.74),(0.65 %),"7,780.66","4,648.80","429,053,402.60","424,668","2,996"
218,2024-09-02,"7,284.46","7,284.46","6,831.15",(342.12),(4.92 %),"7,780.66","4,648.80","374,529,188.40","403,624","2,606"
219,2024-09-01,"6,942.34","7,232.63","6,893.04",(-213.34),(-2.98 %),"7,780.66","4,648.80","242,916,459.30","280,153","2,108"
220,2024-08-29,"7,155.68","7,414.12","7,091.80",(-132.50),(-1.81 %),"7,780.66","4,648.80","367,512,238.00","404,404","2,771"
221,2024-08-28,"7,288.19","7,472.72","7,144.39",(6.81),(0.09 %),"7,780.66","4,648.80","696,323,836.80","728,995","4,733"
222,2024-08-27,"7,281.37","7,425.97","7,100.56",(31.51),(0.43 %),"7,780.66","4,648.80","500,380,788.80","579,079","4,112"
223,2024-08-25,"7,249.86","7,527.36","7,199.98",(-177.50),(-2.38 %),"7,780.66","4,648.80","386,741,591.40","411,879","2,740"
224,2024-08-22,"7,427.36","7,456.42","7,280.31",(96.28),(1.31 %),"7,780.66","4,648.80","276,005,739.50","311,900","2,649"
225,2024-08-21,"7,331.07","7,491.25","7,300.21",(-76.33),(-1.03 %),"7,780.66","4,648.80","248,468,657.20","285,124","2,397"
226,2024-08-18,"7,407.41","7,808.21","7,367.34",(-348.58),(-4.49 %),"7,780.66","4,648.80","441,961,314.10","507,630","3,274"
227,2024-08-15,"7,755.99","7,958.35","7,696.16",(25.16),(0.32 %),"7,780.66","4,648.80","689,953,919.30","697,854","4,392"
228,2024-08-14,"7,730.83","7,751.90","7,476.65",(179.42),(2.37 %),"7,780.66","4,648.80","548,902,569.80","706,364","3,247"
229,2024-08-13,"7,551.41","7,834.33","7,485.43",(-159.22),(-2.06 %),"7,780.66","4,648.80","349,728,164.50","430,735","2,866"
230,2024-08-12,"7,710.63","7,906.30","7,493.77",(215.73),(2.87 %),"7,780.66","4,648.80","669,988,219.80","840,315","4,335"
231,2024-08-11,"7,494.90","7,598.62","7,377.53",(67.20),(0.90 %),"7,780.66","4,648.80","422,944,693.00","502,086","3,229"
232,2024-08-08,"7,427.69","7,745.25","7,377.91",(-95.61),(-1.27 %),"7,780.66","4,648.80","438,705,463.20","560,233","3,056"
233,2024-08-07,"7,523.30","7,566.46","7,119.36",(367.50),(5.13 %),"7,780.66","4,648.80","453,311,605.30","542,478","3,634"
