Unnamed: 0,Unnamed: 1,Unnamed: 2,Unnamed: 3,Unnamed: 4,Unnamed: 5,Unnamed: 6,Unnamed: 7,Unnamed: 8,Unnamed: 9,Unnamed: 10,Unnamed: 11,Unnamed: 12,Unnamed: 13,Unnamed: 14,Unnamed: 15,Unnamed: 16,Unnamed: 17,Unnamed: 18,Unnamed: 19,Unnamed: 20,Unnamed: 21,Unnamed: 22
,,,,,,,"Nepal Stock Exchange Limited
Singhadurbar Plaza, Kathmandu, Nepal
Phone: 977-1-4250758, 4250735, Fax: 977-1-4262538
Email: info@nepalstock.com",,,,,,,,,,,,,,,
,,,,,,,,,,,,,,,,,,,,,,
,,,,,,,Market Capitalization by Sector (2024-7-16 to 2025-7-16) ,,,,,,,,,,,,,,,
,,,,,,,,,,,,,,,,,,,,,,
S.N,BUSINESS DATE,COMMERCIAL BANKS,,,MANUFACTURING AND PROCESSING,,,HOTELS AND TOURISM,OTHERS,HYDRO POWER,TRADINGS,NON LIFE INSURANCE,,DEVELOPMENT BANKS,,FINANCE,MICROFINANCE,LIFE INSURANCE,,INVESTMENT,TOTAL,
1,2024-07-16,969431.76,,,233354.18,,,104135.6,333130.65,567213.22,18257.5,,215099.68,171163.84,,85662.79,368686.2,332015.2,268087.69,,3666238.31,
2,2024-07-17,989687.02,,,240408.36,,,109924.25,337665.89,576913.97,19590.88,,222303.93,178170.2,,90378.42,375480.17,339270.41,272194.71,,3751988.21,
3,2024-07-18,1051846.8,,,243230.92,,,111074.03,345441.02,576871.44,19682.73,,224638.57,180506.58,,89225.73,385905.84,343652.28,274621.68,,3846697.62,
4,2024-07-21,1092544.8,,,250470.06,,,115756.15,357134.14,584783.12,21022.18,,226110.87,183065.12,,90574.45,392134.56,348884.02,281982.82,,3944462.29,
5,2024-07-22,1079089.67,,,255900.97,,,115502.33,362259.58,595000.37,21414.83,,225967.93,181903.44,,91225.77,390034.11,348932.59,280651.76,,3947883.35,
6,2024-07-23,1104894.5,,,265518.08,,,119136.11,368530.81,618677.07,22498.85,,235859.69,187291.4,,93535.78,395475.56,364475.42,291528.24,,4067421.51,
7,2024-07-24,1091439.5,,,262219.3,,,119291.5,361524.52,608931.21,21803.1,,235508.84,186260.58,,94627.66,390045.17,363333.55,289081.43,,4024066.36,
8,2024-07-25,1106218.52,,,264488.64,,,119794.68,360307.44,608368.86,21979.91,,242475.0,185600.21,,95788.73,416657.93,366248.16,286958.52,,4074886.6,
9,2024-07-28,1215688.74,,,269059.13,,,120357.01,371832.08,613455.17,22557.95,,248983.03,194646.15,,97028.42,415905.08,381758.29,303594.65,,4254865.7,
10,2024-07-29,1215202.73,,,264377.74,,,120000.93,371724.08,618484.53,21532.17,,246332.01,189400.22,,98857.1,400468.98,374207.43,301798.75,,4222386.67,
11,2024-07-30,1205893.28,,,265309.03,,,127197.55,384818.71,637821.83,21408.54,,245421.03,194002.83,,104776.72,404411.32,376385.31,311351.58,,4278797.73,
12,2024-07-31,1218530.2,,,270108.54,,,130994,400207.97,651295.69,22001.06,,250010.67,200243.87,,113247.01,406983.68,384312.79,332835.66,,4380771.14,
13,2024-08-01,1201475.49,,,267276.75,,,131801.94,399307.13,638893.59,21221.47,,254371.82,198651.73,,115252.96,403621.7,398529.88,341965.18,,4372369.64,
14,2024-08-05,1195405.63,,,265897.3,,,140627.75,422202.46,658686.17,22432.12,,257554.69,198340.23,,109933.64,402191.54,411416.18,354034.4,,4438722.11,
15,2024-08-06,1124081.19,,,253370.1,,,129333.85,416623.06,627351.76,21114.03,,244616.1,187537.13,,100833.1,386783.75,385357.13,331468.37,,4208469.57,
16,2024-08-07,1150220.7,,,262329.34,,,135976.2,449495.37,663258.01,22282.65,,252162.29,195995.35,,108527.77,395184.66,400660.04,344362.71,,4380455.09,
17,2024-08-08,1143781,,,277728.9,,,134248.06,446982.12,669031.62,22388.82,,252342.74,194668.56,,108069.14,393423.92,399453.03,348975.35,,4391093.26,
18,2024-08-11,1182145.11,,,282568.58,,,135462.79,458207.65,695327.37,23040.44,,261055.84,199705.1,,111843.51,410722.35,417572.66,363381.87,,4541033.27,
19,2024-08-12,1217103.63,,,279200.18,,,139362.07,462840.76,719178.46,23993.64,,268825.83,205833.63,,117224.28,415188.47,442004.56,362679.46,,4653434.97,
20,2024-08-13,1222635.9,,,275288.09,,,136484.22,459374.88,716653.02,24009.32,,266081.54,203029.92,,119066.55,413077.35,444392.33,362971.84,,4643064.96,
21,2024-08-14,1231446.13,,,277056.75,,,139727.09,463210.17,730347.17,24103.08,,268062.84,209282.25,,128204.79,410162.39,443914.61,372010.2,,4697527.47,
22,2024-08-15,1301083.13,,,272253.51,,,140181.91,452531.16,736173.23,24540.83,,270593.7,211976.14,,124291.2,409593.53,440669.75,382021.8,,4765909.89,
23,2024-08-18,1312037.83,,,265222.08,,,133881.59,438749.38,708617.46,24215.95,,271850.98,207198.51,,120780.09,408303.13,440719.84,379572.61,,4711149.45,
24,2024-08-21,1319863.48,,,264125.03,,,132501.91,439568.95,703233.63,23709.81,,269986.23,208691.04,,126815.55,406071.98,439868.57,380064.64,,4714500.82,
25,2024-08-22,1322124.52,,,262641.84,,,134242.16,438244.14,707126.93,23341.3,,266775.64,218130.61,,128385.15,405983.93,441133.01,375930.09,,4724059.32,
26,2024-08-25,1278303.87,,,257424.15,,,131033.98,422666.29,685590.24,22928.94,,260582.36,212790.46,,123885.6,410397.85,430069.97,361512.24,,4597185.95,
27,2024-08-27,1215400.4,,,249868.66,,,131603.61,406356.02,658428.67,22433,,254187.8,203877.83,,118068.7,398215.47,414362.16,346553.88,,4419356.2,
28,2024-08-28,1226686.57,,,249947.14,,,131726.79,406738.73,661673.34,22110.58,,251708.49,202246.43,,116065.61,393903.29,412526.7,350057.92,,4425391.59,
29,2024-08-29,1204426.07,,,247529.19,,,129331.84,404587.48,660748.67,21956.35,,246954.82,199963.37,,114965.44,385959.61,403877.38,346585.84,,4366886.06,
30,2024-09-01,1176228,,,243091.39,,,125475.92,400341.81,644840.06,21914.32,,243893.3,196248.86,,110983.48,378691.7,398012.98,341975.15,,4281696.97,
31,2024-09-02,1231977.83,,,251205.19,,,131659.4,416948.93,679408.85,22540.59,,255634.88,206054.76,,119803.38,391328.29,416708.46,360644.42,,4483914.98,
32,2024-09-03,1223832.03,,,250835.79,,,132522.4,416171.54,675989.72,22447.74,,267877.71,208779.75,,117915.4,392815.53,426085.26,359668.7,,4494941.57,
33,2024-09-04,1185030.77,,,244419.13,,,126590.13,400437.22,651659.99,21845.54,,260560.32,203985.69,,111837.65,387376.75,410251.81,346837.88,,4350832.88,
34,2024-09-05,1176769.08,,,243594.9,,,126438.57,400392.24,645064.27,21882.66,,259377.94,203714.48,,111216.9,393906.89,407189.2,346952.35,,4336499.48,
35,2024-09-08,1158134.42,,,244828.76,,,124649.77,395114.38,641160.81,21609.17,,256045.14,199495.09,,109837.74,398675.51,401396.05,345070.36,,4296017.2,
36,2024-09-09,1131665.24,,,241767.15,,,121319.01,387880.77,625498.85,21531.47,,249770.28,195754.31,,107340.06,389384.6,391396.5,343885.34,,4207193.58,
37,2024-09-10,1130397.2,,,240110.09,,,121319.14,386140.32,621019.15,21703.16,,248760.27,194384.41,,106482.84,385830.57,388396.19,342053.68,,4186597.02,
38,2024-09-11,1119735.69,,,237661.79,,,120686.24,384320.24,615262.62,21739.43,,248818.09,192385.46,,106947.91,383739.73,381197.73,337952.89,,4150447.82,
39,2024-09-12,1149547.39,,,242762.7,,,123396.49,399012.1,641615.48,21877.95,,253839.76,197579.99,,110546.53,389840.51,394412.82,350545.88,,4274977.6,
40,2024-09-15,1138828.27,,,238396.43,,,118844.26,390082.04,632096.62,21679.88,,248341.92,192617.08,,106634.68,382486.53,383595.51,340705.4,,4194308.62,
41,2024-09-16,1120635.58,,,234318.76,,,115892.8,380974.91,617670.97,21080.35,,243580.14,187371.88,,100591.26,373181.16,376259.43,332061.96,,4103619.2,
42,2024-09-18,1129259.13,,,232380.19,,,115747.26,378558.73,616566.77,20959.2,,243971.77,187135.86,,97885.43,369173.44,375071.82,330544.07,,4097253.67,
43,2024-09-22,1140774.68,,,231918.13,,,115031.98,380137.39,618528.6,20974.93,,245140.99,188377.11,,97715.42,368482.55,375992.64,332607.66,,4115682.08,
44,2024-09-23,1126268.05,,,227711.58,,,111199.09,371680.49,600632.43,20149.32,,238512.44,183740.29,,92280.19,359044.21,367116.27,323500.21,,4021834.57,
45,2024-09-24,1103690.1,,,223257.62,,,108238.28,361285.93,583779.09,19730.42,,235189.9,178160.61,,88026.13,350498.82,362619.75,313645.03,,3928121.68,
46,2024-09-25,1123638.25,,,226488.17,,,112034.94,367639.81,599014.36,20081.84,,239127.44,183066.51,,91379,355753.63,369550.22,318554.62,,4006328.79,
47,2024-09-26,1110687.31,,,226498.49,,,109402.69,364045.06,585228.83,20286.48,,237313.49,180921.21,,89482.96,351063.37,366099.8,313128.48,,3954158.17,
48,2024-09-29,1102443.96,,,228846.28,,,107792.41,360312.94,571414.27,19683.25,,236933.94,179299.68,,87768.46,350430.93,364932.02,308744.55,,3918602.69,
49,2024-09-30,1115492.19,,,237622.42,,,111334.74,368875.9,578418.07,19984.05,,238631.85,182771.13,,91449.65,356934.69,371436.69,316339.1,,3989290.48,
50,2024-10-01,1158164.46,,,242833.09,,,117988.52,386123.88,613038.95,20781.7,,246010.05,192788.73,,100365.22,371160.13,386763.74,335663.33,,4171681.8,
51,2024-10-02,1149872.44,,,238473.67,,,115873.94,385998.47,602408.62,20534.6,,241573.01,190140.12,,102134.29,367485.79,385186.92,330533.03,,4130214.9,
52,2024-10-06,1175225.57,,,245929.76,,,117857.44,392273.29,618903.86,20720.89,,245185.55,194371.06,,108574.39,372939.35,390360.54,337113.12,,4219454.82,
53,2024-10-07,1197653.51,,,242741.72,,,121987.64,402530.88,625403.95,21024.69,,247345.0,196685.75,,107798.87,378574.86,394698.89,342061.15,,4278506.91,
54,2024-10-08,1193241.13,,,238483.72,,,119621.47,398108.59,619141.88,20764.09,,243753.07,194378.06,,104815.39,375097.83,390452.3,337081.43,,4234938.96,
55,2024-10-09,1193823.5,,,241059.77,,,119639.24,399967.9,622585.91,20627.55,,243960.81,193631.71,,104869.33,375766.9,390398.8,336330.85,,4242662.27,
56,2024-10-15,1212831.4,,,240528.82,,,120597.83,404824.14,627123.7,20991.69,,245210.68,196666.17,,109710.98,378491.8,394303.49,341444.07,,4292724.77,
57,2024-10-16,1236900.52,,,243812.7,,,122402.83,407146.86,640530.8,21715.27,,248602.33,200305.35,,110657.37,384126.01,401419.74,343833.43,,4361453.21,
58,2024-10-17,1241860.12,,,244340.63,,,120583.94,408626.93,639751.68,21258.45,,248616.52,199017.69,,111227.03,383389.15,400427.15,346293.96,,4365393.25,
59,2024-10-20,1229157.04,,,239322.18,,,117890.4,402495.1,626028.04,20862.19,,244813.48,194348.07,,106768.05,377534.57,390979.39,339745.25,,4289943.76,
60,2024-10-21,1200881.46,,,235351.75,,,115930.71,392895.46,613189.38,20803.04,,240500.05,190876.57,,103149.21,370391.57,382572,331188.28,,4197729.48,
61,2024-10-22,1209145.46,,,240389.67,,,116443.65,396907.59,621919.5,20992.13,,241973.14,193262.96,,106281.19,372855.22,384467.12,334257.85,,4238895.48,
62,2024-10-23,1188588,,,239457.02,,,115561.66,395110.12,618608.95,21045.57,,240928.98,191992.9,,108748.12,371633.14,381702.8,333057.54,,4206434.8,
63,2024-10-24,1176399.79,,,236435.54,,,114554.76,392515.33,620860.88,20638.31,,239500.9,190459.26,,107783.71,368587.62,379710.54,329968.17,,4177414.81,
64,2024-10-27,1161077.12,,,234261.93,,,115350.73,391251.67,623832.9,20720.59,,238446.64,189473.27,,108986.22,365878.85,386478.57,329375.32,,4165133.81,
65,2024-10-28,1165083.81,,,237416.94,,,116711.25,393375.17,633704.03,20870.62,,239990.63,192453.2,,112762.06,370500.94,393609.55,332268.18,,4208746.38,
66,2024-10-29,1183837.92,,,239735.81,,,119947.97,399574.29,646576.83,20945.27,,248652.65,196929.59,,113201.08,376093.28,400722.72,336815.27,,4283032.68,
67,2024-10-30,1175267.3,,,237421.77,,,122973.13,396614.3,644428.37,21012.33,,249885.08,196065.84,,112052.33,375538.99,396774.8,332035.5,,4260069.74,
68,2024-11-05,1165690.45,,,236715.01,,,123985.47,397594.12,649427.35,20855.16,,252551.31,195108.1,,112284.45,375273.81,398350.75,331888.28,,4259724.26,
69,2024-11-06,1163777.83,,,236009.61,,,123047.02,397033.59,655019.39,20916.53,,250340.26,196541.63,,113176.67,374977.61,397799.09,330657.49,,4259296.72,
70,2024-11-10,1182655.9,,,241503.2,,,124232.33,407061.42,682924.22,21158.34,,255229.3,201882.06,,115985.4,380676.32,406418.67,339139.43,,4358866.59,
71,2024-11-11,1195038.89,,,241536.24,,,124220.84,407927.84,682570.09,21313.21,,254653.22,201664.04,,115628.86,392880.24,413187.94,343501.33,,4394122.74,
72,2024-11-12,1190812.04,,,241464.1,,,124027.69,403081.22,678637.58,21389.39,,255959.64,201033.47,,116934.6,390217.48,411332,342283.85,,4377173.06,
73,2024-11-13,1174397.14,,,239133.31,,,123950.28,399751.3,684188.66,21044.58,,252792.1,203888.57,,121851.42,388769.78,406431.51,338482.23,,4354680.88,
74,2024-11-14,1179632.81,,,238534.44,,,125052.29,402279.88,693380.23,20912.11,,252567.69,206371.17,,121730.37,391781.54,406287.16,338366.6,,4376896.29,
75,2024-11-17,1177064.57,,,235823.3,,,127820.47,402729.71,699286.72,20962.75,,250815.26,207652.03,,119741.75,396797.07,407179.56,338958.02,,4384831.21,
76,2024-11-19,1163902.44,,,232321.2,,,123761.7,396337.23,677776.01,20498.42,,246555.45,202885.19,,116968.53,390822.57,399265.46,332347.56,,4303441.76,
77,2024-11-20,1160828.66,,,232313.99,,,124326.52,396022.47,686505.04,20554.53,,246036.42,209746.85,,118919.11,391132.17,398523.43,333020.9,,4317930.09,
78,2024-11-21,1150276.51,,,228713.9,,,122171.09,389402.14,680281.67,20351.45,,243181.33,206655.23,,115506.37,388450.58,393064.61,330015.68,,4268070.56,
79,2024-11-24,1143992.21,,,230275.55,,,121570.96,386602.37,677461.84,20336.01,,242757.98,203270.97,,115076.48,384785.65,390875.84,330310.82,,4247316.68,
80,2024-11-25,1145339.74,,,229734.58,,,123087.92,393118.21,680508.07,20355.69,,245851.14,205734.44,,117689.99,385539.12,391786.35,333790.07,,4272535.32,
81,2024-11-26,1159090.99,,,232219.71,,,123876.65,399729.51,693939.16,20619.14,,247853.54,206761.26,,119469.41,388824.67,395783.9,337578.77,,4325746.71,
82,2024-11-27,1162780.55,,,233705.66,,,125663.37,401978.1,705569.65,217298.92,,250799.91,213343.08,,118898.34,392914.14,406926.98,340257.6,,4570136.3,
83,2024-11-28,1152629.6,,,231675.88,,,124647.9,396296.36,694351.96,237414.62,,249443.23,215590.86,,117733.39,390451.48,408840.19,337283.89,,4556359.36,
84,2024-12-01,1135627.94,,,230333.16,,,125022.75,390928.18,686424.12,258950.8,,249415.24,225343.97,,114243,386828.19,403291.33,333376.75,,4539785.43,
85,2024-12-02,1129198.26,,,230696.33,,,131313.28,389504.4,690729.55,284086,,249930.99,221451.66,,111989.66,387421.15,411184.11,335403.9,,4572909.29,
86,2024-12-03,1126966.45,,,230851.44,,,129059.84,390558.54,705437.05,301025.88,,248624.73,220612.35,,113551.88,386155.91,417452.77,334003.92,,4604300.76,
87,2024-12-04,1123080.14,,,231191.15,,,128535.37,387648.8,709660.89,274766.92,,247785.74,216328.82,,112136.34,386626.19,411189.1,333922.34,,4562871.8,
88,2024-12-05,1112150.12,,,228215.96,,,123860.2,385779.79,703402.11,284865.77,,247595.16,213975.77,,108987.08,382212.04,414489.33,330909.06,,4536442.39,
89,2024-12-08,1091439.51,,,227428.47,,,121580.8,382620.1,689458.04,278781.85,,245531.74,211731.3,,106981.69,376449.02,401741.85,326497.8,,4460242.17,
90,2024-12-09,1086357.76,,,229856.51,,,120569.23,383051.05,685702.36,275136.04,,242672.42,210278.1,,107149.57,374150.73,395028.53,328981.81,,4438934.11,
91,2024-12-10,1084639.77,,,230632.89,,,120917.51,383019.59,683423.26,275970.11,,242187.89,209174.01,,106388.69,374665.89,391062.76,326359.86,,4428442.23,
92,2024-12-11,1121860.96,,,232028.96,,,122187.69,385227.8,696867.86,280292.86,,244686.22,212586.17,,108338.54,376268.06,395249.17,328962.54,,4504556.83,
93,2024-12-12,1102552.38,,,232929.28,,,119757.62,381426.75,689920.35,276760.08,,242454.22,209280.44,,105477.7,373669.08,389812.61,325073.16,,4449113.67,
94,2024-12-16,1086082.97,,,230221.44,,,116984.4,375862.48,673592.84,266907.57,,239004.15,205019.89,,100825.64,366686.77,382710.35,319996.37,,4363894.87,
95,2024-12-17,1087980.52,,,229207.03,,,117196.97,376354.87,674560.95,268482.71,,239474.32,203674.85,,101704.82,368749.87,382118.92,319294.92,,4368800.75,
96,2024-12-18,1084026.13,,,228451.48,,,116693.22,374928.5,672077.44,269839.65,,239137.03,203343.15,,102800.53,369081.77,380853.83,318264.02,,4359496.75,
97,2024-12-19,1075123.51,,,227692.66,,,115672.76,371438.24,661821.7,262456.47,,236611.21,200784.18,,100422.49,366446.81,376857.33,312030.39,,4307357.75,
98,2024-12-22,1065707.46,,,231284.29,,,115480.92,370057.39,666133.12,258887.57,,234656.74,196655.08,,98917.48,364983.66,373794.4,308346.59,,4284904.7,
99,2024-12-23,1074754.97,,,236976.53,,,115988.39,372389.71,683808.25,260086.56,,234928.25,198919.95,,100576.1,367948.44,376550.42,309940.03,,4332867.6,
100,2024-12-24,1082951.01,,,231498.6,,,117081.19,374217.38,688691.41,258912.4,,236258.29,202420.84,,102210.37,371799.88,377623.32,312945.16,,4356609.85,
101,2024-12-26,1102617.84,,,231311.36,,,116164.08,373613.02,679863.54,264902.57,,235624.84,197382.81,,99449.9,372344.08,376473.13,313819.41,,4363566.58,
102,2024-12-29,1092976.36,,,229435.93,,,115454.85,374723.18,668063.13,262150.17,,235318.61,192146.51,,95001.58,376542.61,374984.4,311721.13,,4328518.46,
103,2024-12-31,1082861.31,,,225963.34,,,113855.4,374953.11,656468.62,254356.29,,233080.05,186809.08,,90068.49,371228.19,372536.71,311461.31,,4273641.9,
104,2025-01-01,1074813.08,,,226537.76,,,114939.53,373387.73,664637.3,255976.33,,233612.94,189961.13,,93556.45,370626.39,372287.98,311770.65,,4282107.27,
105,2025-01-02,1073228,,,228358.88,,,115700.29,366508.81,677072.2,250763.33,,235425.88,194530.74,,93948.75,369837.01,373676.81,310738.42,,4289789.12,
106,2025-01-05,1067269.48,,,226979.97,,,116398.03,366882.36,688420.85,253634.51,,235538.31,194574.65,,92962.32,369283.32,374706.77,311967.86,,4298618.43,
107,2025-01-06,1078979.81,,,231278.33,,,119958.1,373325.76,712873.76,254824.66,,237993.31,199373.32,,94071.65,372071.83,383298.41,322056.18,,4380105.12,
108,2025-01-07,1076643.73,,,230684.57,,,119909.87,372649.59,715900.94,256337.23,,239009.8,200982.92,,96569.96,373718.76,385887.51,322029.24,,4390324.12,
109,2025-01-08,1073813.75,,,231627.54,,,119831.58,371661.81,717590.93,252330.45,,238686.25,206080.39,,101114.71,379671.43,387732.31,320777.38,,4400918.53,
110,2025-01-09,1069173.85,,,229675.52,,,121029.75,370022.96,714807.31,250460.2,,237872.81,201869.41,,98148.87,374893.38,383303.3,319566.52,,4370823.88,
111,2025-01-12,1059918.09,,,226548.6,,,120092.08,367782.04,704513.07,247683.82,,236127.15,198628.38,,94613.45,371625.92,382831.78,318306.98,,4328671.36,
112,2025-01-13,1056196.71,,,224802.52,,,118457.07,365290.48,701003.37,242980.97,,236069.37,197473.62,,93363.05,369964.82,380894.97,316386.69,,4302883.64,
113,2025-01-15,1047634.05,,,225892.56,,,120395.52,365439.41,713346.23,243021.07,,235095.61,199612.06,,90108.43,368027.1,381203.21,316146.1,,4305921.35,
114,2025-01-16,1039780.19,,,228056.16,,,120118.92,366618.26,713865.48,247975.88,,234936.57,197840.12,,85428.83,365974.68,378865.15,314288.08,,4293748.32,
115,2025-01-19,1041614.99,,,233927.61,,,120021.62,367746.69,716749.64,247643.84,,236436.31,198245.33,,87415.33,367017.54,382337.8,315467.91,,4314624.61,
116,2025-01-20,1039451.59,,,237880.02,,,120166.19,375614.92,716540.82,250274.35,,236981.02,197051.18,,85190.04,366856.46,382499.31,317372.71,,4325878.61,
117,2025-01-21,1035755.91,,,240016.13,,,121107.59,386121.72,709921.56,245009.24,,241212.34,197444.18,,84311.06,366976.28,386708.34,319730.99,,4334315.34,
118,2025-01-22,1049521.02,,,240213.29,,,124405.62,402517.33,725034.65,251012.22,,243632.61,202862.3,,85065.55,370915.33,394038.32,331962.78,,4421181.02,
119,2025-01-23,1043023.29,,,240225.3,,,123431.84,401083.63,721032.68,250426.8,,241837.5,204549.96,,82994.97,370871.08,393967.27,329322.35,,4402766.67,
120,2025-01-26,1033739.69,,,236230.04,,,122991.03,401243.86,724939.79,248535.65,,240194.73,205772.85,,79043.38,373656.28,391494.26,327649.95,,4385491.51,
121,2025-01-27,1027953.1,,,237823.27,,,122355.89,394549.23,727434,243974.23,,238576.45,207263.61,,81778.62,373816.33,387166.85,325110.49,,4367802.07,
122,2025-01-28,1030270.33,,,240768.28,,,123188.36,401434.44,738334.49,244572.2,,239255.3,215715.69,,83318.89,376315.29,387503.22,328471.19,,4409147.68,
123,2025-02-02,1056333.52,,,248165.14,,,125432.28,412031.77,748775,247793.01,,248672.86,222511.38,,84399.47,394844.03,396924.34,339591.63,,4525474.43,
124,2025-02-03,1062067.72,,,248845.69,,,125416.22,409526.54,745114.54,249773.12,,250735.46,221637.25,,83490.14,395267.15,399615.28,337995.65,,4529484.76,
125,2025-02-04,1055996.45,,,246021.83,,,123162.53,411312.84,746300.4,248470.21,,249290.65,215866.86,,82066.31,392706.83,398635.09,336279.21,,4506109.21,
126,2025-02-05,1053177.5,,,244005.09,,,122564.43,412478.82,746614.3,244937.87,,249770.65,213893.79,,86722.81,391663.53,397438.23,335448.95,,4498715.97,
127,2025-02-06,1049510.76,,,243019.12,,,122108.6,408781.28,743833.24,244659.63,,248544.02,210600.05,,88096.21,389320.03,396815.98,334108.77,,4479397.69,
128,2025-02-09,1045778.8,,,243405.26,,,121812.77,403438.17,740060.13,245257.89,,247108.7,207742.56,,88803.28,390311.39,396280.48,332802.53,,4462801.96,
129,2025-02-10,1043927.76,,,238364,,,121610.52,404385.36,734370.14,245507.67,,247091.41,207304.32,,87699.5,389230.86,393823.77,331246.43,,4444561.74,
130,2025-02-11,1041770.89,,,238395.59,,,121028.45,404308.21,745901.27,242928.16,,246021.26,212236.5,,87440.03,389054.73,393473.66,332862.6,,4455421.35,
131,2025-02-12,1041155.99,,,237650.33,,,120256.25,402400.87,745598.71,240714.7,,245922.76,215078.61,,88807.96,388622.11,395370.47,336936.95,,4458515.71,
132,2025-02-13,1038753.61,,,236525.4,,,119554.05,402032.57,738832.04,240690.61,,243767.05,213028.08,,90467.66,389322.28,394788.14,338699.62,,4446461.11,
133,2025-02-16,1048957.04,,,237005.83,,,121890.82,403578.89,741506.76,241308.13,,240950.28,213215.91,,94941.38,396577.67,396329.93,342680.32,,4478942.96,
134,2025-02-17,1071697.46,,,238831.09,,,124690.5,413424.27,740325.34,238220.4,,243660.76,213933.33,,94166.98,406331.78,399864.1,343395.36,,4528541.37,
135,2025-02-18,1074097.17,,,238684.46,,,123381.72,428677.65,739320.78,239211.57,,244405.09,210191.14,,92751.5,403086.81,406839.67,347669.55,,4548317.11,
136,2025-02-20,1068140.34,,,236674.84,,,122992.99,431146.41,735033.18,248237.11,,245946.35,209087.19,,92618.21,401860.3,416706.27,346371.98,,4554815.17,
137,2025-02-23,1068519.35,,,243266.08,,,122367.56,447192.25,730858.78,244936.06,,246279.13,208079.02,,92196.82,399201.04,420293.57,350985.81,,4574175.47,
138,2025-02-24,1069466.6,,,245634.53,,,121301,458387.36,729705.36,244291.31,,244448.01,207879.34,,91077.84,396679.96,416424.28,354441.7,,4579737.29,
139,2025-02-25,1069742.58,,,246080.82,,,121361.83,471693.46,729691.83,238156.04,,243757.46,207613.1,,90426.48,396048.93,419801.21,357205.61,,4591579.35,
140,2025-02-27,1105263.33,,,253259.13,,,122727.9,476470.24,743952.78,241023.02,,245476.73,210806.99,,90681.29,399668.19,423217.6,361701.79,,4674248.99,
141,2025-03-02,1133291.46,,,265406.69,,,127818.87,483665.8,758725.39,243598.34,,253869.5,219005.42,,94563.22,405100.27,441461.35,372688.13,,4799194.44,
142,2025-03-03,1117889.76,,,266095.96,,,125413.24,491795.64,749487.94,241544.46,,255045.64,217163.52,,93681.94,401794.77,444894.24,371772.06,,4776579.17,
143,2025-03-04,1106053.47,,,260201.92,,,124196.43,491488.86,741327.38,239495.35,,252210.36,216311.47,,91709.64,396106.5,441814.01,365245.06,,4726160.45,
144,2025-03-05,1094549.15,,,257792.02,,,123029.02,487711.83,738565.57,240537.99,,248385.65,213469.82,,90260.85,394118.24,435251.4,360698.66,,4684370.2,
145,2025-03-06,1094883.45,,,258423.45,,,122326.47,484232.59,738050.65,239956.53,,248267.66,217448.02,,90044.35,394324.59,431750.94,360176.54,,4679885.24,
146,2025-03-09,1079916.84,,,256049.59,,,121310.16,471201.2,725783.36,237995.68,,245127.18,213726.6,,88357.58,388072.74,424209.53,351201.23,,4602951.69,
147,2025-03-10,1075154.25,,,253084.77,,,120097.43,471601.11,717341.47,234062.35,,243458.52,212155.6,,87735.24,385609.11,422440.38,345872.25,,4568612.48,
148,2025-03-11,1067642.93,,,246758.5,,,118731.02,463641.55,706448.43,229855.42,,241040.54,216259.84,,86350.54,382164.43,416908.23,339313.62,,4515115.05,
149,2025-03-12,1073321.45,,,247217.16,,,119498.26,470941.82,712520.39,230352.7,,242018.71,215543.04,,86368.59,381096.77,419616.92,345316.1,,4543811.91,
150,2025-03-16,1064685.32,,,247180.37,,,118863.13,463741.99,703320.89,241692.99,,240275.15,210690.28,,85164.91,377741.19,415163.18,339367.46,,4507886.86,
151,2025-03-17,1062400,,,248290.08,,,119080.72,461138.97,701698.09,233504.52,,240215.27,208741.86,,85267.34,377674.24,413011.27,340010.98,,4491033.34,
152,2025-03-18,1060845.82,,,247711.93,,,118647.25,461655.27,700459.46,231940.66,,238916.03,207846.95,,85119.02,376496.8,410120.02,338553.54,,4478312.75,
153,2025-03-19,1054888.5,,,246881.87,,,118774.98,459290.79,695752.53,233344.2,,237692.63,207574.61,,83813.82,374665.86,404031.78,336885.15,,4453596.72,
154,2025-03-20,1049810.45,,,245146.82,,,118197.87,456577.15,690904.08,233970.16,,235556.88,207193.08,,82751.32,372177.05,403854.58,336133.17,,4432272.61,
155,2025-03-23,1033452.6,,,241623.78,,,115476.58,448694.17,673554.78,227344.75,,230470.23,202416.21,,80277.06,363549.99,395870.11,328998.42,,4341728.68,
156,2025-03-24,1040886.09,,,243517.8,,,116671.8,455425.59,680000.55,229764.34,,231983.47,203870.37,,83105.98,366434.76,401668.85,331741.66,,4385071.26,
157,2025-03-25,1026083.59,,,239852.93,,,113493.61,447124.63,657471.39,225506.76,,226273.1,197760.01,,80189.22,357301.04,392795.68,324823.88,,4288675.84,
158,2025-03-26,1037891.78,,,242224.23,,,115518.5,456505.62,668663,227769.62,,230234.87,200116.54,,81593.65,361954.01,400919.27,330263.19,,4353654.28,
159,2025-03-27,1047300.08,,,244457.04,,,116030.22,464462.8,676006.67,241644.65,,232205.88,202335.08,,82658.87,370021.27,407794.3,337542.29,,4422459.15,
160,2025-03-30,1055945.55,,,245881.84,,,117676.47,474151.03,686419.55,241008.19,,234037.43,204008.45,,84323.38,372341.02,411261.24,344922.79,,4471976.94,
161,2025-04-01,1048104.73,,,244588.82,,,115624.45,467533.14,679590.4,250186.68,,233138.37,202065.05,,82769.18,368213.26,408643.52,343372.16,,4443829.76,
162,2025-04-02,1053490.84,,,240971.31,,,116316.22,469178.56,682484.94,273814.5,,232511.83,202678.78,,85358.11,368875.55,409697.08,348085.68,,4483463.4,
163,2025-04-03,1063632.37,,,238588.05,,,116171.23,476009.01,682753.92,269254.96,,233885.49,202325.91,,83999.79,367488.08,406961.82,347964.58,,4489035.21,
164,2025-04-07,1053266.2,,,235188.11,,,114602.26,473888.82,673374.36,260873.95,,231024.85,200064.8,,82093.14,363671,403566.32,342071.55,,4433685.36,
165,2025-04-08,1050044.03,,,238894.04,,,114049.04,471161.41,670007.67,262714.58,,233833.8,199741.37,,82588.01,363364.86,402858.13,341195.29,,4430452.23,
166,2025-04-09,1049641.56,,,242148.1,,,116837.64,472903,670577.4,261641.26,,235372.98,200337.43,,82871.35,364174.41,403756.72,346250.06,,4446511.91,
167,2025-04-10,1048652.75,,,240033.23,,,116358.4,468614.43,671235.22,261348.7,,234897.51,200409.46,,82463.89,365565.07,404939.3,345221.77,,4439739.73,
168,2025-04-13,1046408.34,,,238005.84,,,116526.52,464840.1,668176.38,257676.49,,235097.35,198850.14,,81736.33,364583.52,402448.62,351051.4,,4425401.03,
169,2025-04-15,1051477.23,,,240910.05,,,118848.1,467707.57,678037.74,256009,,237626.2,203751.51,,83042.54,366799.5,405718.85,360591.04,,4470519.33,
170,2025-04-16,1055672.17,,,240521.01,,,118648.71,462670.5,689106.35,256293.54,,238943.41,206028.13,,82480.6,366576.62,405938.66,359301.42,,4482181.12,
171,2025-04-17,1067741.76,,,240654.5,,,119115.21,464392.89,696926.39,255902.99,,241249.66,208829.84,,83077.77,368909.8,409358.2,370073.23,,4526232.24,
172,2025-04-20,1060196.9,,,241928.48,,,117483.73,459563.48,688401.57,258531.04,,240705.24,207161.04,,82015.41,366889.57,406833.4,369840.87,,4499550.73,
173,2025-04-21,1051128,,,242008.55,,,117554.76,454964.52,693731.35,254576.67,,240328.05,208068.14,,81168.49,366469.89,406155.55,370500.89,,4486654.86,
174,2025-04-22,1043360.18,,,244869.12,,,118493.16,465047.39,689061.35,250374.6,,239337.6,204715.56,,80876.43,365250.68,405160.14,363542.86,,4470089.07,
175,2025-04-23,1030479.12,,,244882.67,,,117237.92,458061.32,676741.17,249614.66,,237013.52,200422.72,,79946.09,361420.65,403296.51,357132.0,,4416248.35,
176,2025-04-24,1030838.98,,,244444.34,,,115867.06,457427.5,678246.98,250609.72,,236349.33,198897.33,,79276.76,359742.85,401981.26,366024.88,,4419706.99,
177,2025-04-27,1026786.96,,,245447.5,,,116312.34,454808.5,685502.51,253574.63,,235548.99,198842.55,,78441.59,356356.53,401500.13,372537.56,,4425659.79,
178,2025-04-28,1020082.74,,,244121.28,,,116039.02,453816.22,680333.12,254654.93,,235482.98,198281.11,,79541.98,353643.06,400938.76,364553.05,,4401488.25,
179,2025-04-29,1014229.13,,,243266.91,,,115302.61,450402.23,678943.25,253332.59,,234717.38,196491.55,,78568.12,350880.51,398768.75,361494.53,,4376397.56,
180,2025-04-30,1007097.38,,,241514.58,,,114718.12,445154.01,683144.21,254371.15,,234282.86,194407.69,,77592.29,351028.84,398461.76,361084.97,,4362857.86,
181,2025-05-04,1008205.01,,,244794.11,,,114775.45,445052.3,682483.23,252227.65,,234830.6,194526.59,,76576.58,350125.56,397339.07,357978.62,,4358914.77,
182,2025-05-05,1004294.54,,,242619.39,,,114807.94,444043.42,677416.59,250386.48,,234971.69,193041.75,,75830.8,350521.71,396876.01,357489.36,,4342299.68,
183,2025-05-06,1000758.78,,,243339.66,,,114428.61,437019.39,686914.16,255476.91,,236315.66,192058.56,,74853.3,349445.25,397394.5,356010.9,,4344015.68,
184,2025-05-07,1030552.38,,,246232.98,,,116256.52,447645.35,708436.85,256842.96,,242638.41,196675.13,,78952.76,357286.42,407122.83,358928.87,,4447571.46,
185,2025-05-08,1022031,,,246653.63,,,116087.53,439529.2,708665.11,251701.79,,242203.25,195563.51,,82348.53,356805.14,407174.86,358773.79,,4427537.34,
186,2025-05-11,1016389.41,,,245525.76,,,123331.93,432944.15,699133.19,252616.84,,241845.69,197748.02,,79557.98,355967.09,407636.04,353985.5,,4406681.6,
187,2025-05-13,1013278.26,,,246374.84,,,120594.24,430319.33,690865.76,246383.95,,240404.1,199489.41,,78034.41,353478.8,411532.87,351188.16,,4381944.13,
188,2025-05-14,1008307.96,,,244089.07,,,118725.51,440932.16,677324.16,244673.73,,237055.43,201882.35,,77864.48,352530.4,407958.57,347366.65,,4358710.47,
189,2025-05-15,1005253,,,242975.28,,,124560.42,435886.09,672919.9,246405.05,,236098.56,197583.59,,77245.94,352317.92,406252.56,347207.55,,4344705.86,
190,2025-05-18,1003795.91,,,242133.45,,,125946.07,454164.33,664114.32,239799.36,,234009.19,193194.17,,76878.38,356638.15,403507.69,346254.94,,4340435.96,
191,2025-05-19,1015609.71,,,242824.63,,,124376.27,456189.51,670801.84,241184.05,,236638.84,196839.22,,77418.1,357132.88,405184.03,348761.5,,4372960.58,
192,2025-05-20,1035100.77,,,247426.32,,,128641.85,460036.4,687880.84,244798.93,,240767.3,202646.84,,79313.69,361173.53,410572.2,356909.61,,4455268.28,
193,2025-05-21,1037730.1,,,245728.43,,,128481.46,457127.76,681001.54,243527.11,,240723.92,202947.79,,79147.3,359302.29,409919.15,356414.15,,4442051,
194,2025-05-22,1077388.92,,,244789.5,,,125135.63,456524.2,673477.18,241549.73,,240733.3,202468.04,,78782.17,368589.9,409299.57,355001.1,,4473739.24,
195,2025-05-25,1070183.84,,,244698.73,,,122943.67,454425.54,670998.16,241863.82,,240485.14,199493.2,,77999.43,377157.24,407911.59,351312.97,,4459473.33,
196,2025-05-26,1072102.43,,,246648.62,,,121821.52,452235.68,670575.96,241540.5,,239692.57,198951.69,,77903.92,371482.43,407072.02,350765.74,,4450793.08,
197,2025-05-27,1076406.2,,,247385.81,,,121705.17,453862.5,671575.53,243839.84,,238352.11,202258.13,,77428.35,367257.48,404840.69,349852.38,,4454764.19,
198,2025-05-28,1096695.78,,,249016.06,,,122698.03,453587.21,677574.82,243932.88,,237724.92,204880.39,,77571.71,366301.05,403844.44,349976.91,,4483804.2,
199,2025-06-02,1090131.73,,,248051.02,,,125633.28,455259.53,675185.67,243072.36,,237325.14,205492.51,,77711.63,365831.24,406231.39,357973.49,,4487898.99,
200,2025-06-03,1064578.92,,,248019.26,,,122968.43,450794.92,668667.82,239730.72,,235715.09,203134.18,,77061.18,361179.85,403195.96,353354.24,,4428400.57,
201,2025-06-04,1058238.14,,,247925.09,,,122387.97,448318.15,666040.97,240914.85,,234106.51,201679.91,,76367.48,358184.27,401246.92,353049.12,,4408459.38,
202,2025-06-05,1053587.06,,,245339.59,,,121795.04,445293.68,674168.53,238858.2,,233818.34,201101.38,,76139.06,356738.36,398994.83,353177.11,,4399011.18,
203,2025-06-08,1042498.47,,,243523.78,,,121947.12,440845.14,682457.09,238301.2,,231589.89,200973.57,,75442.19,354209.92,395910.28,352880.54,,4380579.19,
204,2025-06-09,1047079.78,,,244022.7,,,121633.12,452472.31,698524.11,237252.13,,232624.68,201325.58,,75891.59,355928.27,395522.46,356938.71,,4419215.44,
205,2025-06-10,1056864.76,,,244634.76,,,123196,459335.88,701760.14,239792.53,,235561.65,202771.99,,79784.21,358101.74,399807.16,359377.52,,4460988.34,
206,2025-06-11,1051439.93,,,243133.29,,,121864.21,452085.47,709739.07,237572.8,,233884.97,201171.83,,78734.96,356632.58,396413.24,355502.69,,4438175.04,
207,2025-06-12,1044832.37,,,241847.69,,,124482.9,450755.45,711348.34,234971.36,,232744.11,199157.63,,79438.52,355037.42,394388.4,354033.0,,4423037.19,
208,2025-06-15,1040169.03,,,245410.74,,,124403.65,448665.16,718188.28,237521.1,,233566.97,200132.82,,78963.66,353915.7,392221.52,351321.08,,4424479.71,
209,2025-06-16,1045245.79,,,245331,,,130248.4,447184.08,711271.28,237741.01,,234166.05,200716.57,,77993.92,356027.18,392699.7,350842.47,,4429467.45,
210,2025-06-17,1040519.36,,,244981.59,,,128187.64,446476.02,713198.04,238024.12,,233579.85,200302.2,,77611.32,359952.36,390817.69,349313.07,,4422963.26,
211,2025-06-18,1039261.49,,,245892.97,,,126731.34,447360.81,718484.7,237657.2,,232122.03,197790.3,,77247.41,358007.95,391387.72,349224.99,,4421168.91,
212,2025-06-19,1034037.14,,,243390.13,,,125509.29,442348.94,708794.6,231766.12,,231323.73,195573.51,,76525.77,354208.63,389774.66,346651.21,,4379903.73,
213,2025-06-22,1025157.76,,,240824.89,,,121579.51,439606.56,689294.44,230111.36,,230202.96,193848.84,,75688.43,350101.99,385623.11,343230.7,,4325270.55,
214,2025-06-23,1026748.75,,,239336.74,,,122674.66,438737.39,692198.95,235192.5,,229672.91,193657.89,,76240.77,350167.72,384099.63,344509.67,,4333237.58,
215,2025-06-24,1031329.17,,,240347.47,,,121463.82,438248.66,689132.76,234964.56,,228945.1,192839.6,,75675.7,350848.34,383627.89,345440.37,,4332863.44,
216,2025-06-25,1030327.23,,,239854.24,,,123202.52,437316.34,693770.28,232431.97,,229184.38,192888.65,,75306.19,350094.99,383873.83,344053.18,,4332303.8,
217,2025-06-26,1029086.99,,,239109.19,,,120888.91,436274.46,694517.78,231953.78,,228241.73,194834.04,,74998.5,350581.45,382555.03,341846.29,,4324888.15,
218,2025-06-29,1049748.09,,,237760.63,,,121003.26,442206.11,698311.19,232591.02,,229202.96,197974.99,,75478.81,356138.62,385718.36,342969.87,,4369103.91,
219,2025-06-30,1053757.71,,,241654.57,,,120961.55,440596.17,696330.5,234268.8,,230613.82,199401.69,,75433.21,359420.5,388919.6,343065.48,,4384423.6,
220,2025-07-01,1065281.09,,,241462.37,,,121653.3,442728.99,705994.61,232832.44,,233036.39,201816.97,,75855.22,367400.58,393302.36,351237.29,,4432601.61,
221,2025-07-02,1079774.98,,,243141.66,,,122518,446780.75,709345.08,236931.67,,238894.32,206486.61,,77366.82,369471.09,404436.2,354812.23,,4489959.41,
222,2025-07-03,1083158.86,,,244104.55,,,122424.06,446949.25,705142.94,233874.31,,244257.58,208975.81,,80535.02,368653.95,415054.31,352063.16,,4505193.8,
223,2025-07-06,1084419.26,,,245665.6,,,122113.29,460670.12,697669.49,235936.01,,243001.81,205760.23,,82544.74,368395.91,409629.19,353388.01,,4509193.66,
224,2025-07-07,1075847.82,,,242597.44,,,122868.95,459952.08,690526.75,232980.59,,241382.49,204077.89,,79435.9,365790.37,405804.59,350683.58,,4471948.45,
225,2025-07-08,1071830.36,,,243495.78,,,122852.73,456367.72,694603.18,233885.24,,240471.03,204928.21,,80434.15,366076.31,405782.71,350978.29,,4471705.71,
226,2025-07-09,1089931.82,,,245824.14,,,123205.45,457764.84,698358.74,234694.54,,241071.03,205641.81,,80126.87,369200.82,406793.88,355814.34,,4508428.28,
227,2025-07-10,1122927.21,,,246943.2,,,123385.98,458580.7,696809.65,233432.38,,241742.87,207945.36,,80537.29,374599.55,407581.04,357087.65,,4551572.88,
228,2025-07-13,1160837.75,,,247729.7,,,123988.57,457325.61,691480.01,232814.93,,240916.09,211012.64,,82050.04,387733.09,407690.69,356792.11,,4600371.23,
229,2025-07-14,1132244.92,,,245775.28,,,123671.08,451643.29,692522.71,231318.89,,238374.18,207870.73,,81119.82,382925.3,402117.7,352305.05,,4541888.95,
230,2025-07-15,1152753.93,,,247943.28,,,124830.47,454010.75,704406.16,233294.96,,240209.54,210424.89,,82576.5,387840.37,404880.94,356144.52,,4599316.31,
231,2025-07-16,1171101.88,,,251391.85,,,125573.55,455527.53,713483.26,232870.63,,244656.36,218565.19,,83201.04,395040.95,407568.11,358009.02,,4656989.37,
,,,,,,,,,,,,,,,,,,,,,,
2025-07-17 11:26:29.400000,,,,Page 1 of,,,,,,,,,,,,,,,,,,1.0
